-- MySQL dump 10.13  Distrib 5.1.41, for debian-linux-gnu (i486)
--
-- Host: localhost    Database: activae
-- ------------------------------------------------------
-- Server version	5.1.41-3ubuntu12.1

/*!40101 SET @OLD_CHARACTER_SET_CLIENT=@@CHARACTER_SET_CLIENT */;
/*!40101 SET @OLD_CHARACTER_SET_RESULTS=@@CHARACTER_SET_RESULTS */;
/*!40101 SET @OLD_COLLATION_CONNECTION=@@COLLATION_CONNECTION */;
/*!40101 SET NAMES utf8 */;
/*!40103 SET @OLD_TIME_ZONE=@@TIME_ZONE */;
/*!40103 SET TIME_ZONE='+00:00' */;
/*!40014 SET @OLD_UNIQUE_CHECKS=@@UNIQUE_CHECKS, UNIQUE_CHECKS=0 */;
/*!40014 SET @OLD_FOREIGN_KEY_CHECKS=@@FOREIGN_KEY_CHECKS, FOREIGN_KEY_CHECKS=0 */;
/*!40101 SET @OLD_SQL_MODE=@@SQL_MODE, SQL_MODE='NO_AUTO_VALUE_ON_ZERO' */;
/*!40111 SET @OLD_SQL_NOTES=@@SQL_NOTES, SQL_NOTES=0 */;

--
-- Table structure for table `acl_assets`
--

DROP TABLE IF EXISTS `acl_assets`;
/*!40101 SET @saved_cs_client     = @@character_set_client */;
/*!40101 SET character_set_client = utf8 */;
CREATE TABLE `acl_assets` (
  `id_acl` int(11) NOT NULL AUTO_INCREMENT,
  `id` int(11) NOT NULL,
  `user_id` int(11) DEFAULT NULL,
  `role` int(11) DEFAULT NULL,
  `ad` tinyint(1) DEFAULT '0',
  `ed` tinyint(1) DEFAULT '0',
  `rm` tinyint(1) DEFAULT '0',
  `co` tinyint(1) DEFAULT '0',
  PRIMARY KEY (`id_acl`,`id`),
  KEY `fk_acl_asset_assets1` (`id`),
  CONSTRAINT `fk_acl_asset_assets1` FOREIGN KEY (`id`) REFERENCES `assets` (`id`) ON DELETE CASCADE ON UPDATE CASCADE
) ENGINE=InnoDB AUTO_INCREMENT=2550 DEFAULT CHARSET=latin1;
/*!40101 SET character_set_client = @saved_cs_client */;

--
-- Dumping data for table `acl_assets`
--

LOCK TABLES `acl_assets` WRITE;
/*!40000 ALTER TABLE `acl_assets` DISABLE KEYS */;
INSERT INTO `acl_assets` VALUES (2,1,NULL,1,1,1,1,1),(3,1,NULL,3,0,1,0,1),(4,1,NULL,4,1,0,0,1),(5,1,NULL,NULL,0,0,0,0),(6,2,1,NULL,0,0,1,1),(7,2,NULL,1,1,1,1,1),(8,2,NULL,3,0,1,0,1),(9,2,NULL,4,1,0,0,1),(10,2,NULL,NULL,0,0,0,0),(11,3,1,NULL,0,0,1,1),(12,3,NULL,1,1,1,1,1),(13,3,NULL,3,0,1,0,1),(14,3,NULL,4,1,0,0,1),(15,3,NULL,NULL,0,0,0,0),(16,4,1,NULL,0,0,1,1),(17,4,NULL,1,1,1,1,1),(18,4,NULL,3,0,1,0,1),(19,4,NULL,4,1,0,0,1),(20,4,NULL,NULL,0,0,0,0),(21,5,1,NULL,0,0,1,1),(22,5,NULL,1,1,1,1,1),(23,5,NULL,3,0,1,0,1),(24,5,NULL,4,1,0,0,1),(25,5,NULL,NULL,0,0,0,0),(26,6,1,NULL,0,0,1,1),(27,6,NULL,1,1,1,1,1),(28,6,NULL,3,0,1,0,1),(29,6,NULL,4,1,0,0,1),(30,6,NULL,NULL,0,0,0,0),(31,7,1,NULL,0,0,1,1),(32,7,NULL,1,1,1,1,1),(33,7,NULL,3,0,1,0,1),(34,7,NULL,4,1,0,0,1),(35,7,NULL,NULL,0,0,0,0),(36,8,1,NULL,0,0,1,1),(37,8,NULL,1,1,1,1,1),(38,8,NULL,3,0,1,0,1),(39,8,NULL,4,1,0,0,1),(40,8,NULL,NULL,0,0,0,0),(41,9,1,NULL,0,0,1,1),(42,9,NULL,1,1,1,1,1),(43,9,NULL,3,0,1,0,1),(44,9,NULL,4,1,0,0,1),(45,9,NULL,NULL,0,0,0,0),(46,10,1,NULL,0,0,1,1),(47,10,NULL,1,1,1,1,1),(48,10,NULL,3,0,1,0,1),(49,10,NULL,4,1,0,0,1),(50,10,NULL,NULL,0,0,0,0),(51,11,1,NULL,0,0,1,1),(52,11,NULL,1,1,1,1,1),(53,11,NULL,3,0,1,0,1),(54,11,NULL,4,1,0,0,1),(55,11,NULL,NULL,0,0,0,0),(56,12,1,NULL,0,0,1,1),(57,12,NULL,1,1,1,1,1),(58,12,NULL,3,0,1,0,1),(59,12,NULL,4,1,0,0,1),(60,12,NULL,NULL,0,0,0,0),(61,13,1,NULL,0,0,1,1),(62,13,NULL,1,1,1,1,1),(63,13,NULL,3,0,1,0,1),(64,13,NULL,4,1,0,0,1),(65,13,NULL,NULL,0,0,0,0),(66,14,1,NULL,0,0,1,1),(67,14,NULL,1,1,1,1,1),(68,14,NULL,3,0,1,0,1),(69,14,NULL,4,1,0,0,1),(70,14,NULL,NULL,0,0,0,0),(71,15,1,NULL,0,0,1,1),(72,15,NULL,1,1,1,1,1),(73,15,NULL,3,0,1,0,1),(74,15,NULL,4,1,0,0,1),(75,15,NULL,NULL,0,0,0,0),(76,16,1,NULL,0,0,1,1),(77,16,NULL,1,1,1,1,1),(78,16,NULL,3,0,1,0,1),(79,16,NULL,4,1,0,0,1),(80,16,NULL,NULL,0,0,0,0),(81,17,1,NULL,0,0,1,1),(82,17,NULL,1,1,1,1,1),(83,17,NULL,3,0,1,0,1),(84,17,NULL,4,1,0,0,1),(85,17,NULL,NULL,0,0,0,0),(86,18,1,NULL,0,0,1,1),(87,18,NULL,1,1,1,1,1),(88,18,NULL,3,0,1,0,1),(89,18,NULL,4,1,0,0,1),(90,18,NULL,NULL,0,0,0,0),(91,19,1,NULL,0,0,1,1),(92,19,NULL,1,1,1,1,1),(93,19,NULL,3,0,1,0,1),(94,19,NULL,4,1,0,0,1),(95,19,NULL,NULL,0,0,0,0),(96,20,1,NULL,0,0,1,1),(97,20,NULL,1,1,1,1,1),(98,20,NULL,3,0,1,0,1),(99,20,NULL,4,1,0,0,1),(100,20,NULL,NULL,0,0,0,0),(101,21,1,NULL,0,0,1,1),(102,21,NULL,1,1,1,1,1),(103,21,NULL,3,0,1,0,1),(104,21,NULL,4,1,0,0,1),(105,21,NULL,NULL,0,0,0,0),(106,22,1,NULL,0,0,1,1),(107,22,NULL,1,1,1,1,1),(108,22,NULL,3,0,1,0,1),(109,22,NULL,4,1,0,0,1),(110,22,NULL,NULL,0,0,0,0),(111,23,1,NULL,0,0,1,1),(112,23,NULL,1,1,1,1,1),(113,23,NULL,3,0,1,0,1),(114,23,NULL,4,1,0,0,1),(115,23,NULL,NULL,0,0,0,0),(116,24,1,NULL,0,0,1,1),(117,24,NULL,1,1,1,1,1),(118,24,NULL,3,0,1,0,1),(119,24,NULL,4,1,0,0,1),(120,24,NULL,NULL,0,0,0,0),(121,25,1,NULL,0,0,1,1),(122,25,NULL,1,1,1,1,1),(123,25,NULL,3,0,1,0,1),(124,25,NULL,4,1,0,0,1),(125,25,NULL,NULL,0,0,0,0),(126,26,1,NULL,0,0,1,1),(127,26,NULL,1,1,1,1,1),(128,26,NULL,3,0,1,0,1),(129,26,NULL,4,1,0,0,1),(130,26,NULL,NULL,0,0,0,0),(131,27,1,NULL,0,0,1,1),(132,27,NULL,1,1,1,1,1),(133,27,NULL,3,0,1,0,1),(134,27,NULL,4,1,0,0,1),(135,27,NULL,NULL,0,0,0,0),(136,28,1,NULL,0,0,1,1),(137,28,NULL,1,1,1,1,1),(138,28,NULL,3,0,1,0,1),(139,28,NULL,4,1,0,0,1),(140,28,NULL,NULL,0,0,0,0),(141,29,1,NULL,0,0,1,1),(142,29,NULL,1,1,1,1,1),(143,29,NULL,3,0,1,0,1),(144,29,NULL,4,1,0,0,1),(145,29,NULL,NULL,0,0,0,0),(151,31,1,NULL,0,0,1,1),(152,31,NULL,1,1,1,1,1),(153,31,NULL,3,0,1,0,1),(154,31,NULL,4,1,0,0,1),(155,31,NULL,NULL,0,0,0,0),(156,32,1,NULL,0,0,1,1),(157,32,NULL,1,1,1,1,1),(158,32,NULL,3,0,1,0,1),(159,32,NULL,4,1,0,0,1),(160,32,NULL,NULL,0,0,0,0),(161,33,1,NULL,0,0,1,1),(162,33,NULL,1,1,1,1,1),(163,33,NULL,3,0,1,0,1),(164,33,NULL,4,1,0,0,1),(165,33,NULL,NULL,0,0,0,0),(166,34,1,NULL,0,0,1,1),(167,34,NULL,1,1,1,1,1),(168,34,NULL,3,0,1,0,1),(169,34,NULL,4,1,0,0,1),(170,34,NULL,NULL,0,0,0,0),(171,35,1,NULL,0,0,1,1),(172,35,NULL,1,1,1,1,1),(173,35,NULL,3,0,1,0,1),(174,35,NULL,4,1,0,0,1),(175,35,NULL,NULL,0,0,0,0),(176,36,1,NULL,0,0,1,1),(177,36,NULL,1,1,1,1,1),(178,36,NULL,3,0,1,0,1),(179,36,NULL,4,1,0,0,1),(180,36,NULL,NULL,0,0,0,0),(181,37,1,NULL,0,0,1,1),(182,37,NULL,1,1,1,1,1),(183,37,NULL,3,0,1,0,1),(184,37,NULL,4,1,0,0,1),(185,37,NULL,NULL,0,0,0,0),(186,38,1,NULL,0,0,1,1),(187,38,NULL,1,1,1,1,1),(188,38,NULL,3,0,1,0,1),(189,38,NULL,4,1,0,0,1),(190,38,NULL,NULL,0,0,0,0),(191,39,1,NULL,0,0,1,1),(192,39,NULL,1,1,1,1,1),(193,39,NULL,3,0,1,0,1),(194,39,NULL,4,1,0,0,1),(195,39,NULL,NULL,0,0,0,0),(196,40,1,NULL,0,0,1,1),(197,40,NULL,1,1,1,1,1),(198,40,NULL,3,0,1,0,1),(199,40,NULL,4,1,0,0,1),(200,40,NULL,NULL,0,0,0,0),(201,41,1,NULL,0,0,1,1),(202,41,NULL,1,1,1,1,1),(203,41,NULL,3,0,1,0,1),(204,41,NULL,4,1,0,0,1),(205,41,NULL,NULL,0,0,0,0),(206,42,1,NULL,0,0,1,1),(207,42,NULL,1,1,1,1,1),(208,42,NULL,3,0,1,0,1),(209,42,NULL,4,1,0,0,1),(210,42,NULL,NULL,0,0,0,0),(211,43,1,NULL,0,0,1,1),(212,43,NULL,1,1,1,1,1),(213,43,NULL,3,0,1,0,1),(214,43,NULL,4,1,0,0,1),(215,43,NULL,NULL,0,0,0,0),(216,44,1,NULL,0,0,1,1),(217,44,NULL,1,1,1,1,1),(218,44,NULL,3,0,1,0,1),(219,44,NULL,4,1,0,0,1),(220,44,NULL,NULL,0,0,0,0),(221,45,1,NULL,0,0,1,1),(222,45,NULL,1,1,1,1,1),(223,45,NULL,3,0,1,0,1),(224,45,NULL,4,1,0,0,1),(225,45,NULL,NULL,0,0,0,0),(226,46,1,NULL,0,0,1,1),(227,46,NULL,1,1,1,1,1),(228,46,NULL,3,0,1,0,1),(229,46,NULL,4,1,0,0,1),(230,46,NULL,NULL,0,0,0,0),(231,47,1,NULL,0,0,1,1),(232,47,NULL,1,1,1,1,1),(233,47,NULL,3,0,1,0,1),(234,47,NULL,4,1,0,0,1),(235,47,NULL,NULL,0,0,0,0),(236,48,1,NULL,0,0,1,1),(237,48,NULL,1,1,1,1,1),(238,48,NULL,3,0,1,0,1),(239,48,NULL,4,1,0,0,1),(240,48,NULL,NULL,0,0,0,0),(241,49,1,NULL,0,0,1,1),(242,49,NULL,1,1,1,1,1),(243,49,NULL,3,0,1,0,1),(244,49,NULL,4,1,0,0,1),(245,49,NULL,NULL,0,0,0,0),(246,50,1,NULL,0,0,1,1),(247,50,NULL,1,1,1,1,1),(248,50,NULL,3,0,1,0,1),(249,50,NULL,4,1,0,0,1),(250,50,NULL,NULL,0,0,0,0),(251,51,1,NULL,0,0,1,1),(252,51,NULL,1,1,1,1,1),(253,51,NULL,3,0,1,0,1),(254,51,NULL,4,1,0,0,1),(255,51,NULL,NULL,0,0,0,0),(256,52,1,NULL,0,0,1,1),(257,52,NULL,1,1,1,1,1),(258,52,NULL,3,0,1,0,1),(259,52,NULL,4,1,0,0,1),(260,52,NULL,NULL,0,0,0,0),(261,53,1,NULL,0,0,1,1),(262,53,NULL,1,1,1,1,1),(263,53,NULL,3,0,1,0,1),(264,53,NULL,4,1,0,0,1),(265,53,NULL,NULL,0,0,0,0),(266,54,1,NULL,0,0,1,1),(267,54,NULL,1,1,1,1,1),(268,54,NULL,3,0,1,0,1),(269,54,NULL,4,1,0,0,1),(270,54,NULL,NULL,0,0,0,0),(271,55,1,NULL,0,0,1,1),(272,55,NULL,1,1,1,1,1),(273,55,NULL,3,0,1,0,1),(274,55,NULL,4,1,0,0,1),(275,55,NULL,NULL,0,0,0,0),(276,56,1,NULL,0,0,1,1),(277,56,NULL,1,1,1,1,1),(278,56,NULL,3,0,1,0,1),(279,56,NULL,4,1,0,0,1),(280,56,NULL,NULL,0,0,0,0),(281,57,1,NULL,0,0,1,1),(282,57,NULL,1,1,1,1,1),(283,57,NULL,3,0,1,0,1),(284,57,NULL,4,1,0,0,1),(285,57,NULL,NULL,0,0,0,0),(286,58,1,NULL,0,0,1,1),(287,58,NULL,1,1,1,1,1),(288,58,NULL,3,0,1,0,1),(289,58,NULL,4,1,0,0,1),(290,58,NULL,NULL,0,0,0,0),(291,59,1,NULL,0,0,1,1),(292,59,NULL,1,1,1,1,1),(293,59,NULL,3,0,1,0,1),(294,59,NULL,4,1,0,0,1),(295,59,NULL,NULL,0,0,0,0),(296,60,1,NULL,0,0,1,1),(297,60,NULL,1,1,1,1,1),(298,60,NULL,3,0,1,0,1),(299,60,NULL,4,1,0,0,1),(300,60,NULL,NULL,0,0,0,0),(301,61,1,NULL,0,0,1,1),(302,61,NULL,1,1,1,1,1),(303,61,NULL,3,0,1,0,1),(304,61,NULL,4,1,0,0,1),(305,61,NULL,NULL,0,0,0,0),(306,62,1,NULL,0,0,1,1),(307,62,NULL,1,1,1,1,1),(308,62,NULL,3,0,1,0,1),(309,62,NULL,4,1,0,0,1),(310,62,NULL,NULL,0,0,0,0),(311,63,1,NULL,0,0,1,1),(312,63,NULL,1,1,1,1,1),(313,63,NULL,3,0,1,0,1),(314,63,NULL,4,1,0,0,1),(315,63,NULL,NULL,0,0,0,0),(316,64,1,NULL,0,0,1,1),(317,64,NULL,1,1,1,1,1),(318,64,NULL,3,0,1,0,1),(319,64,NULL,4,1,0,0,1),(320,64,NULL,NULL,0,0,0,0),(321,65,1,NULL,0,0,1,1),(322,65,NULL,1,1,1,1,1),(323,65,NULL,3,0,1,0,1),(324,65,NULL,4,1,0,0,1),(325,65,NULL,NULL,0,0,0,0),(326,66,1,NULL,0,0,1,1),(327,66,NULL,1,1,1,1,1),(328,66,NULL,3,0,1,0,1),(329,66,NULL,4,1,0,0,1),(330,66,NULL,NULL,0,0,0,0),(331,67,1,NULL,0,0,1,1),(332,67,NULL,1,1,1,1,1),(333,67,NULL,3,0,1,0,1),(334,67,NULL,4,1,0,0,1),(335,67,NULL,NULL,0,0,0,0),(336,68,1,NULL,0,0,1,1),(337,68,NULL,1,1,1,1,1),(338,68,NULL,3,0,1,0,1),(339,68,NULL,4,1,0,0,1),(340,68,NULL,NULL,0,0,0,0),(341,69,1,NULL,0,0,1,1),(342,69,NULL,1,1,1,1,1),(343,69,NULL,3,0,1,0,1),(344,69,NULL,4,1,0,0,1),(345,69,NULL,NULL,0,0,0,0),(346,70,1,NULL,0,0,1,1),(347,70,NULL,1,1,1,1,1),(348,70,NULL,3,0,1,0,1),(349,70,NULL,4,1,0,0,1),(350,70,NULL,NULL,0,0,0,0),(351,71,1,NULL,0,0,1,1),(352,71,NULL,1,1,1,1,1),(353,71,NULL,3,0,1,0,1),(354,71,NULL,4,1,0,0,1),(355,71,NULL,NULL,0,0,0,0),(356,72,1,NULL,0,0,1,1),(357,72,NULL,1,1,1,1,1),(358,72,NULL,3,0,1,0,1),(359,72,NULL,4,1,0,0,1),(360,72,NULL,NULL,0,0,0,0),(361,73,1,NULL,0,0,1,1),(362,73,NULL,1,1,1,1,1),(363,73,NULL,3,0,1,0,1),(364,73,NULL,4,1,0,0,1),(365,73,NULL,NULL,0,0,0,0),(366,74,1,NULL,0,0,1,1),(367,74,NULL,1,1,1,1,1),(368,74,NULL,3,0,1,0,1),(369,74,NULL,4,1,0,0,1),(370,74,NULL,NULL,0,0,0,0),(371,75,1,NULL,0,0,1,1),(372,75,NULL,1,1,1,1,1),(373,75,NULL,3,0,1,0,1),(374,75,NULL,4,1,0,0,1),(375,75,NULL,NULL,0,0,0,0),(376,76,1,NULL,0,0,1,1),(377,76,NULL,1,1,1,1,1),(378,76,NULL,3,0,1,0,1),(379,76,NULL,4,1,0,0,1),(380,76,NULL,NULL,0,0,0,0),(381,77,1,NULL,0,0,1,1),(382,77,NULL,1,1,1,1,1),(383,77,NULL,3,0,1,0,1),(384,77,NULL,4,1,0,0,1),(385,77,NULL,NULL,0,0,0,0),(386,78,1,NULL,0,0,1,1),(387,78,NULL,1,1,1,1,1),(388,78,NULL,3,0,1,0,1),(389,78,NULL,4,1,0,0,1),(390,78,NULL,NULL,0,0,0,0),(391,79,1,NULL,0,0,1,1),(392,79,NULL,1,1,1,1,1),(393,79,NULL,3,0,1,0,1),(394,79,NULL,4,1,0,0,1),(395,79,NULL,NULL,0,0,0,0),(396,80,1,NULL,0,0,1,1),(397,80,NULL,1,1,1,1,1),(398,80,NULL,3,0,1,0,1),(399,80,NULL,4,1,0,0,1),(400,80,NULL,NULL,0,0,0,0),(401,81,1,NULL,0,0,1,1),(402,81,NULL,1,1,1,1,1),(403,81,NULL,3,0,1,0,1),(404,81,NULL,4,1,0,0,1),(405,81,NULL,NULL,0,0,0,0),(406,82,1,NULL,0,0,1,1),(407,82,NULL,1,1,1,1,1),(408,82,NULL,3,0,1,0,1),(409,82,NULL,4,1,0,0,1),(410,82,NULL,NULL,0,0,0,0),(411,83,1,NULL,0,0,1,1),(412,83,NULL,1,1,1,1,1),(413,83,NULL,3,0,1,0,1),(414,83,NULL,4,1,0,0,1),(415,83,NULL,NULL,0,0,0,0),(416,84,1,NULL,0,0,1,1),(417,84,NULL,1,1,1,1,1),(418,84,NULL,3,0,1,0,1),(419,84,NULL,4,1,0,0,1),(420,84,NULL,NULL,0,0,0,0),(421,85,1,NULL,0,0,1,1),(422,85,NULL,1,1,1,1,1),(423,85,NULL,3,0,1,0,1),(424,85,NULL,4,1,0,0,1),(425,85,NULL,NULL,0,0,0,0),(426,86,1,NULL,0,0,1,1),(427,86,NULL,1,1,1,1,1),(428,86,NULL,3,0,1,0,1),(429,86,NULL,4,1,0,0,1),(430,86,NULL,NULL,0,0,0,0),(431,87,1,NULL,0,0,1,1),(432,87,NULL,1,1,1,1,1),(433,87,NULL,3,0,1,0,1),(434,87,NULL,4,1,0,0,1),(435,87,NULL,NULL,0,0,0,0),(436,88,1,NULL,0,0,1,1),(437,88,NULL,1,1,1,1,1),(438,88,NULL,3,0,1,0,1),(439,88,NULL,4,1,0,0,1),(440,88,NULL,NULL,0,0,0,0),(441,89,1,NULL,0,0,1,1),(442,89,NULL,1,1,1,1,1),(443,89,NULL,3,0,1,0,1),(444,89,NULL,4,1,0,0,1),(445,89,NULL,NULL,0,0,0,0),(446,90,1,NULL,0,0,1,1),(447,90,NULL,1,1,1,1,1),(448,90,NULL,3,0,1,0,1),(449,90,NULL,4,1,0,0,1),(450,90,NULL,NULL,0,0,0,0),(451,91,1,NULL,0,0,1,1),(452,91,NULL,1,1,1,1,1),(453,91,NULL,3,0,1,0,1),(454,91,NULL,4,1,0,0,1),(455,91,NULL,NULL,0,0,0,0),(456,92,1,NULL,0,0,1,1),(457,92,NULL,1,1,1,1,1),(458,92,NULL,3,0,1,0,1),(459,92,NULL,4,1,0,0,1),(460,92,NULL,NULL,0,0,0,0),(461,93,1,NULL,0,0,1,1),(462,93,NULL,1,1,1,1,1),(463,93,NULL,3,0,1,0,1),(464,93,NULL,4,1,0,0,1),(465,93,NULL,NULL,0,0,0,0),(466,94,1,NULL,0,0,1,1),(467,94,NULL,1,1,1,1,1),(468,94,NULL,3,0,1,0,1),(469,94,NULL,4,1,0,0,1),(470,94,NULL,NULL,0,0,0,0),(471,95,1,NULL,0,0,1,1),(472,95,NULL,1,1,1,1,1),(473,95,NULL,3,0,1,0,1),(474,95,NULL,4,1,0,0,1),(475,95,NULL,NULL,0,0,0,0),(476,96,1,NULL,0,0,1,1),(477,96,NULL,1,1,1,1,1),(478,96,NULL,3,0,1,0,1),(479,96,NULL,4,1,0,0,1),(480,96,NULL,NULL,0,0,0,0),(481,97,1,NULL,0,0,1,1),(482,97,NULL,1,1,1,1,1),(483,97,NULL,3,0,1,0,1),(484,97,NULL,4,1,0,0,1),(485,97,NULL,NULL,0,0,0,0),(486,98,1,NULL,0,0,1,1),(487,98,NULL,1,1,1,1,1),(488,98,NULL,3,0,1,0,1),(489,98,NULL,4,1,0,0,1),(490,98,NULL,NULL,0,0,0,0),(491,99,1,NULL,0,0,1,1),(492,99,NULL,1,1,1,1,1),(493,99,NULL,3,0,1,0,1),(494,99,NULL,4,1,0,0,1),(495,99,NULL,NULL,0,0,0,0),(496,100,1,NULL,0,0,1,1),(497,100,NULL,1,1,1,1,1),(498,100,NULL,3,0,1,0,1),(499,100,NULL,4,1,0,0,1),(500,100,NULL,NULL,0,0,0,0),(501,101,1,NULL,0,0,1,1),(502,101,NULL,1,1,1,1,1),(503,101,NULL,3,0,1,0,1),(504,101,NULL,4,1,0,0,1),(505,101,NULL,NULL,0,0,0,0),(506,102,1,NULL,0,0,1,1),(507,102,NULL,1,1,1,1,1),(508,102,NULL,3,0,1,0,1),(509,102,NULL,4,1,0,0,1),(510,102,NULL,NULL,0,0,0,0),(511,103,1,NULL,0,0,1,1),(512,103,NULL,1,1,1,1,1),(513,103,NULL,3,0,1,0,1),(514,103,NULL,4,1,0,0,1),(515,103,NULL,NULL,0,0,0,0),(516,104,1,NULL,0,0,1,1),(517,104,NULL,1,1,1,1,1),(518,104,NULL,3,0,1,0,1),(519,104,NULL,4,1,0,0,1),(520,104,NULL,NULL,0,0,0,0),(521,105,1,NULL,0,0,1,1),(522,105,NULL,1,1,1,1,1),(523,105,NULL,3,0,1,0,1),(524,105,NULL,4,1,0,0,1),(525,105,NULL,NULL,0,0,0,0),(526,106,1,NULL,0,0,1,1),(527,106,NULL,1,1,1,1,1),(528,106,NULL,3,0,1,0,1),(529,106,NULL,4,1,0,0,1),(530,106,NULL,NULL,0,0,0,0),(531,107,1,NULL,0,0,1,1),(532,107,NULL,1,1,1,1,1),(533,107,NULL,3,0,1,0,1),(534,107,NULL,4,1,0,0,1),(535,107,NULL,NULL,0,0,0,0),(536,108,1,NULL,0,0,1,1),(537,108,NULL,1,1,1,1,1),(538,108,NULL,3,0,1,0,1),(539,108,NULL,4,1,0,0,1),(540,108,NULL,NULL,0,0,0,0),(541,109,1,NULL,0,0,1,1),(542,109,NULL,1,1,1,1,1),(543,109,NULL,3,0,1,0,1),(544,109,NULL,4,1,0,0,1),(545,109,NULL,NULL,0,0,0,0),(546,110,1,NULL,0,0,1,1),(547,110,NULL,1,1,1,1,1),(548,110,NULL,3,0,1,0,1),(549,110,NULL,4,1,0,0,1),(550,110,NULL,NULL,0,0,0,0),(551,111,1,NULL,0,0,1,1),(552,111,NULL,1,1,1,1,1),(553,111,NULL,3,0,1,0,1),(554,111,NULL,4,1,0,0,1),(555,111,NULL,NULL,0,0,0,0),(556,112,1,NULL,0,0,1,1),(557,112,NULL,1,1,1,1,1),(558,112,NULL,3,0,1,0,1),(559,112,NULL,4,1,0,0,1),(560,112,NULL,NULL,0,0,0,0),(561,113,1,NULL,0,0,1,1),(562,113,NULL,1,1,1,1,1),(563,113,NULL,3,0,1,0,1),(564,113,NULL,4,1,0,0,1),(565,113,NULL,NULL,0,0,0,0),(566,114,1,NULL,0,0,1,1),(567,114,NULL,1,1,1,1,1),(568,114,NULL,3,0,1,0,1),(569,114,NULL,4,1,0,0,1),(570,114,NULL,NULL,0,0,0,0),(571,115,1,NULL,0,0,1,1),(572,115,NULL,1,1,1,1,1),(573,115,NULL,3,0,1,0,1),(574,115,NULL,4,1,0,0,1),(575,115,NULL,NULL,0,0,0,0),(576,116,1,NULL,0,0,1,1),(577,116,NULL,1,1,1,1,1),(578,116,NULL,3,0,1,0,1),(579,116,NULL,4,1,0,0,1),(580,116,NULL,NULL,0,0,0,0),(581,117,1,NULL,0,0,1,1),(582,117,NULL,1,1,1,1,1),(583,117,NULL,3,0,1,0,1),(584,117,NULL,4,1,0,0,1),(585,117,NULL,NULL,0,0,0,0),(586,118,1,NULL,0,0,1,1),(587,118,NULL,1,1,1,1,1),(588,118,NULL,3,0,1,0,1),(589,118,NULL,4,1,0,0,1),(590,118,NULL,NULL,0,0,0,0),(591,119,1,NULL,0,0,1,1),(592,119,NULL,1,1,1,1,1),(593,119,NULL,3,0,1,0,1),(594,119,NULL,4,1,0,0,1),(595,119,NULL,NULL,0,0,0,0),(596,120,1,NULL,0,0,1,1),(597,120,NULL,1,1,1,1,1),(598,120,NULL,3,0,1,0,1),(599,120,NULL,4,1,0,0,1),(600,120,NULL,NULL,0,0,0,0),(601,121,1,NULL,0,0,1,1),(602,121,NULL,1,1,1,1,1),(603,121,NULL,3,0,1,0,1),(604,121,NULL,4,1,0,0,1),(605,121,NULL,NULL,0,0,0,0),(606,122,1,NULL,0,0,1,1),(607,122,NULL,1,1,1,1,1),(608,122,NULL,3,0,1,0,1),(609,122,NULL,4,1,0,0,1),(610,122,NULL,NULL,0,0,0,0),(611,123,1,NULL,0,0,1,1),(612,123,NULL,1,1,1,1,1),(613,123,NULL,3,0,1,0,1),(614,123,NULL,4,1,0,0,1),(615,123,NULL,NULL,0,0,0,0),(616,124,1,NULL,0,0,1,1),(617,124,NULL,1,1,1,1,1),(618,124,NULL,3,0,1,0,1),(619,124,NULL,4,1,0,0,1),(620,124,NULL,NULL,0,0,0,0),(621,125,1,NULL,0,0,1,1),(622,125,NULL,1,1,1,1,1),(623,125,NULL,3,0,1,0,1),(624,125,NULL,4,1,0,0,1),(625,125,NULL,NULL,0,0,0,0),(626,126,1,NULL,0,0,1,1),(627,126,NULL,1,1,1,1,1),(628,126,NULL,3,0,1,0,1),(629,126,NULL,4,1,0,0,1),(630,126,NULL,NULL,0,0,0,0),(631,127,1,NULL,0,0,1,1),(632,127,NULL,1,1,1,1,1),(633,127,NULL,3,0,1,0,1),(634,127,NULL,4,1,0,0,1),(635,127,NULL,NULL,0,0,0,0),(636,128,1,NULL,0,0,1,1),(637,128,NULL,1,1,1,1,1),(638,128,NULL,3,0,1,0,1),(639,128,NULL,4,1,0,0,1),(640,128,NULL,NULL,0,0,0,0),(641,129,1,NULL,0,0,1,1),(642,129,NULL,1,1,1,1,1),(643,129,NULL,3,0,1,0,1),(644,129,NULL,4,1,0,0,1),(645,129,NULL,NULL,0,0,0,0),(646,130,1,NULL,0,0,1,1),(647,130,NULL,1,1,1,1,1),(648,130,NULL,3,0,1,0,1),(649,130,NULL,4,1,0,0,1),(650,130,NULL,NULL,0,0,0,0),(651,131,1,NULL,0,0,1,1),(652,131,NULL,1,1,1,1,1),(653,131,NULL,3,0,1,0,1),(654,131,NULL,4,1,0,0,1),(655,131,NULL,NULL,0,0,0,0),(656,132,1,NULL,0,0,1,1),(657,132,NULL,1,1,1,1,1),(658,132,NULL,3,0,1,0,1),(659,132,NULL,4,1,0,0,1),(660,132,NULL,NULL,0,0,0,0),(661,133,1,NULL,0,0,1,1),(662,133,NULL,1,1,1,1,1),(663,133,NULL,3,0,1,0,1),(664,133,NULL,4,1,0,0,1),(665,133,NULL,NULL,0,0,0,0),(666,134,1,NULL,0,0,1,1),(667,134,NULL,1,1,1,1,1),(668,134,NULL,3,0,1,0,1),(669,134,NULL,4,1,0,0,1),(670,134,NULL,NULL,0,0,0,0),(671,135,1,NULL,0,0,1,1),(672,135,NULL,1,1,1,1,1),(673,135,NULL,3,0,1,0,1),(674,135,NULL,4,1,0,0,1),(675,135,NULL,NULL,0,0,0,0),(676,136,1,NULL,0,0,1,1),(677,136,NULL,1,1,1,1,1),(678,136,NULL,3,0,1,0,1),(679,136,NULL,4,1,0,0,1),(680,136,NULL,NULL,0,0,0,0),(681,137,1,NULL,0,0,1,1),(682,137,NULL,1,1,1,1,1),(683,137,NULL,3,0,1,0,1),(684,137,NULL,4,1,0,0,1),(685,137,NULL,NULL,0,0,0,0),(686,138,1,NULL,0,0,1,1),(687,138,NULL,1,1,1,1,1),(688,138,NULL,3,0,1,0,1),(689,138,NULL,4,1,0,0,1),(690,138,NULL,NULL,0,0,0,0),(691,139,1,NULL,0,0,1,1),(692,139,NULL,1,1,1,1,1),(693,139,NULL,3,0,1,0,1),(694,139,NULL,4,1,0,0,1),(695,139,NULL,NULL,0,0,0,0),(696,140,1,NULL,0,0,1,1),(697,140,NULL,1,1,1,1,1),(698,140,NULL,3,0,1,0,1),(699,140,NULL,4,1,0,0,1),(700,140,NULL,NULL,0,0,0,0),(701,141,1,NULL,0,0,1,1),(702,141,NULL,1,1,1,1,1),(703,141,NULL,3,0,1,0,1),(704,141,NULL,4,1,0,0,1),(705,141,NULL,NULL,0,0,0,0),(706,142,1,NULL,0,0,1,1),(707,142,NULL,1,1,1,1,1),(708,142,NULL,3,0,1,0,1),(709,142,NULL,4,1,0,0,1),(710,142,NULL,NULL,0,0,0,0),(711,143,1,NULL,0,0,1,1),(712,143,NULL,1,1,1,1,1),(713,143,NULL,3,0,1,0,1),(714,143,NULL,4,1,0,0,1),(715,143,NULL,NULL,0,0,0,0),(716,144,1,NULL,0,0,1,1),(717,144,NULL,1,1,1,1,1),(718,144,NULL,3,0,1,0,1),(719,144,NULL,4,1,0,0,1),(720,144,NULL,NULL,0,0,0,0),(721,145,1,NULL,0,0,1,1),(722,145,NULL,1,1,1,1,1),(723,145,NULL,3,0,1,0,1),(724,145,NULL,4,1,0,0,1),(725,145,NULL,NULL,0,0,0,0),(726,146,1,NULL,0,0,1,1),(727,146,NULL,1,1,1,1,1),(728,146,NULL,3,0,1,0,1),(729,146,NULL,4,1,0,0,1),(730,146,NULL,NULL,0,0,0,0),(731,147,1,NULL,0,0,1,1),(732,147,NULL,1,1,1,1,1),(733,147,NULL,3,0,1,0,1),(734,147,NULL,4,1,0,0,1),(735,147,NULL,NULL,0,0,0,0),(736,148,1,NULL,0,0,1,1),(737,148,NULL,1,1,1,1,1),(738,148,NULL,3,0,1,0,1),(739,148,NULL,4,1,0,0,1),(740,148,NULL,NULL,0,0,0,0),(741,149,1,NULL,0,0,1,1),(742,149,NULL,1,1,1,1,1),(743,149,NULL,3,0,1,0,1),(744,149,NULL,4,1,0,0,1),(745,149,NULL,NULL,0,0,0,0),(746,150,1,NULL,0,0,1,1),(747,150,NULL,1,1,1,1,1),(748,150,NULL,3,0,1,0,1),(749,150,NULL,4,1,0,0,1),(750,150,NULL,NULL,0,0,0,0),(751,151,1,NULL,0,0,1,1),(752,151,NULL,1,1,1,1,1),(753,151,NULL,3,0,1,0,1),(754,151,NULL,4,1,0,0,1),(755,151,NULL,NULL,0,0,0,0),(756,152,1,NULL,0,0,1,1),(757,152,NULL,1,1,1,1,1),(758,152,NULL,3,0,1,0,1),(759,152,NULL,4,1,0,0,1),(760,152,NULL,NULL,0,0,0,0),(761,153,1,NULL,0,0,1,1),(762,153,NULL,1,1,1,1,1),(763,153,NULL,3,0,1,0,1),(764,153,NULL,4,1,0,0,1),(765,153,NULL,NULL,0,0,0,0),(766,154,1,NULL,0,0,1,1),(767,154,NULL,1,1,1,1,1),(768,154,NULL,3,0,1,0,1),(769,154,NULL,4,1,0,0,1),(770,154,NULL,NULL,0,0,0,0),(771,155,1,NULL,0,0,1,1),(772,155,NULL,1,1,1,1,1),(773,155,NULL,3,0,1,0,1),(774,155,NULL,4,1,0,0,1),(775,155,NULL,NULL,0,0,0,0),(776,156,1,NULL,0,0,1,1),(777,156,NULL,1,1,1,1,1),(778,156,NULL,3,0,1,0,1),(779,156,NULL,4,1,0,0,1),(780,156,NULL,NULL,0,0,0,0),(781,157,1,NULL,0,0,1,1),(782,157,NULL,1,1,1,1,1),(783,157,NULL,3,0,1,0,1),(784,157,NULL,4,1,0,0,1),(785,157,NULL,NULL,0,0,0,0),(786,158,1,NULL,0,0,1,1),(787,158,NULL,1,1,1,1,1),(788,158,NULL,3,0,1,0,1),(789,158,NULL,4,1,0,0,1),(790,158,NULL,NULL,0,0,0,0),(791,159,1,NULL,0,0,1,1),(792,159,NULL,1,1,1,1,1),(793,159,NULL,3,0,1,0,1),(794,159,NULL,4,1,0,0,1),(795,159,NULL,NULL,0,0,0,0),(796,160,1,NULL,0,0,1,1),(797,160,NULL,1,1,1,1,1),(798,160,NULL,3,0,1,0,1),(799,160,NULL,4,1,0,0,1),(800,160,NULL,NULL,0,0,0,0),(801,161,1,NULL,0,0,1,1),(802,161,NULL,1,1,1,1,1),(803,161,NULL,3,0,1,0,1),(804,161,NULL,4,1,0,0,1),(805,161,NULL,NULL,0,0,0,0),(806,162,1,NULL,0,0,1,1),(807,162,NULL,1,1,1,1,1),(808,162,NULL,3,0,1,0,1),(809,162,NULL,4,1,0,0,1),(810,162,NULL,NULL,0,0,0,0),(811,163,1,NULL,0,0,1,1),(812,163,NULL,1,1,1,1,1),(813,163,NULL,3,0,1,0,1),(814,163,NULL,4,1,0,0,1),(815,163,NULL,NULL,0,0,0,0),(816,164,1,NULL,0,0,1,1),(817,164,NULL,1,1,1,1,1),(818,164,NULL,3,0,1,0,1),(819,164,NULL,4,1,0,0,1),(820,164,NULL,NULL,0,0,0,0),(821,165,1,NULL,0,0,1,1),(822,165,NULL,1,1,1,1,1),(823,165,NULL,3,0,1,0,1),(824,165,NULL,4,1,0,0,1),(825,165,NULL,NULL,0,0,0,0),(826,166,1,NULL,0,0,1,1),(827,166,NULL,1,1,1,1,1),(828,166,NULL,3,0,1,0,1),(829,166,NULL,4,1,0,0,1),(830,166,NULL,NULL,0,0,0,0),(831,167,1,NULL,0,0,1,1),(832,167,NULL,1,1,1,1,1),(833,167,NULL,3,0,1,0,1),(834,167,NULL,4,1,0,0,1),(835,167,NULL,NULL,0,0,0,0),(836,168,1,NULL,0,0,1,1),(837,168,NULL,1,1,1,1,1),(838,168,NULL,3,0,1,0,1),(839,168,NULL,4,1,0,0,1),(840,168,NULL,NULL,0,0,0,0),(841,169,1,NULL,0,0,1,1),(842,169,NULL,1,1,1,1,1),(843,169,NULL,3,0,1,0,1),(844,169,NULL,4,1,0,0,1),(845,169,NULL,NULL,0,0,0,0),(846,170,1,NULL,0,0,1,1),(847,170,NULL,1,1,1,1,1),(848,170,NULL,3,0,1,0,1),(849,170,NULL,4,1,0,0,1),(850,170,NULL,NULL,0,0,0,0),(851,171,1,NULL,0,0,1,1),(852,171,NULL,1,1,1,1,1),(853,171,NULL,3,0,1,0,1),(854,171,NULL,4,1,0,0,1),(855,171,NULL,NULL,0,0,0,0),(856,172,1,NULL,0,0,1,1),(857,172,NULL,1,1,1,1,1),(858,172,NULL,3,0,1,0,1),(859,172,NULL,4,1,0,0,1),(860,172,NULL,NULL,0,0,0,0),(861,173,1,NULL,0,0,1,1),(862,173,NULL,1,1,1,1,1),(863,173,NULL,3,0,1,0,1),(864,173,NULL,4,1,0,0,1),(865,173,NULL,NULL,0,0,0,0),(866,174,1,NULL,0,0,1,1),(867,174,NULL,1,1,1,1,1),(868,174,NULL,3,0,1,0,1),(869,174,NULL,4,1,0,0,1),(870,174,NULL,NULL,0,0,0,0),(871,175,1,NULL,0,0,1,1),(872,175,NULL,1,1,1,1,1),(873,175,NULL,3,0,1,0,1),(874,175,NULL,4,1,0,0,1),(875,175,NULL,NULL,0,0,0,0),(876,176,1,NULL,0,0,1,1),(877,176,NULL,1,1,1,1,1),(878,176,NULL,3,0,1,0,1),(879,176,NULL,4,1,0,0,1),(880,176,NULL,NULL,0,0,0,0),(881,177,1,NULL,0,0,1,1),(882,177,NULL,1,1,1,1,1),(883,177,NULL,3,0,1,0,1),(884,177,NULL,4,1,0,0,1),(885,177,NULL,NULL,0,0,0,0),(886,178,1,NULL,0,0,1,1),(887,178,NULL,1,1,1,1,1),(888,178,NULL,3,0,1,0,1),(889,178,NULL,4,1,0,0,1),(890,178,NULL,NULL,0,0,0,0),(891,179,1,NULL,0,0,1,1),(892,179,NULL,1,1,1,1,1),(893,179,NULL,3,0,1,0,1),(894,179,NULL,4,1,0,0,1),(895,179,NULL,NULL,0,0,0,0),(896,180,1,NULL,0,0,1,1),(897,180,NULL,1,1,1,1,1),(898,180,NULL,3,0,1,0,1),(899,180,NULL,4,1,0,0,1),(900,180,NULL,NULL,0,0,0,0),(901,181,1,NULL,0,0,1,1),(902,181,NULL,1,1,1,1,1),(903,181,NULL,3,0,1,0,1),(904,181,NULL,4,1,0,0,1),(905,181,NULL,NULL,0,0,0,0),(906,182,1,NULL,0,0,1,1),(907,182,NULL,1,1,1,1,1),(908,182,NULL,3,0,1,0,1),(909,182,NULL,4,1,0,0,1),(910,182,NULL,NULL,0,0,0,0),(911,183,1,NULL,0,0,1,1),(912,183,NULL,1,1,1,1,1),(913,183,NULL,3,0,1,0,1),(914,183,NULL,4,1,0,0,1),(915,183,NULL,NULL,0,0,0,0),(916,184,1,NULL,0,0,1,1),(917,184,NULL,1,1,1,1,1),(918,184,NULL,3,0,1,0,1),(919,184,NULL,4,1,0,0,1),(920,184,NULL,NULL,0,0,0,0),(921,185,1,NULL,0,0,1,1),(922,185,NULL,1,1,1,1,1),(923,185,NULL,3,0,1,0,1),(924,185,NULL,4,1,0,0,1),(925,185,NULL,NULL,0,0,0,0),(926,186,1,NULL,0,0,1,1),(927,186,NULL,1,1,1,1,1),(928,186,NULL,3,0,1,0,1),(929,186,NULL,4,1,0,0,1),(930,186,NULL,NULL,0,0,0,0),(931,187,1,NULL,0,0,1,1),(932,187,NULL,1,1,1,1,1),(933,187,NULL,3,0,1,0,1),(934,187,NULL,4,1,0,0,1),(935,187,NULL,NULL,0,0,0,0),(936,188,1,NULL,0,0,1,1),(937,188,NULL,1,1,1,1,1),(938,188,NULL,3,0,1,0,1),(939,188,NULL,4,1,0,0,1),(940,188,NULL,NULL,0,0,0,0),(941,189,1,NULL,0,0,1,1),(942,189,NULL,1,1,1,1,1),(943,189,NULL,3,0,1,0,1),(944,189,NULL,4,1,0,0,1),(945,189,NULL,NULL,0,0,0,0),(946,190,1,NULL,0,0,1,1),(947,190,NULL,1,1,1,1,1),(948,190,NULL,3,0,1,0,1),(949,190,NULL,4,1,0,0,1),(950,190,NULL,NULL,0,0,0,0),(951,191,1,NULL,0,0,1,1),(952,191,NULL,1,1,1,1,1),(953,191,NULL,3,0,1,0,1),(954,191,NULL,4,1,0,0,1),(955,191,NULL,NULL,0,0,0,0),(956,192,1,NULL,0,0,1,1),(957,192,NULL,1,1,1,1,1),(958,192,NULL,3,0,1,0,1),(959,192,NULL,4,1,0,0,1),(960,192,NULL,NULL,0,0,0,0),(961,193,1,NULL,0,0,1,1),(962,193,NULL,1,1,1,1,1),(963,193,NULL,3,0,1,0,1),(964,193,NULL,4,1,0,0,1),(965,193,NULL,NULL,0,0,0,0),(966,194,1,NULL,0,0,1,1),(967,194,NULL,1,1,1,1,1),(968,194,NULL,3,0,1,0,1),(969,194,NULL,4,1,0,0,1),(970,194,NULL,NULL,0,0,0,0),(971,195,1,NULL,0,0,1,1),(972,195,NULL,1,1,1,1,1),(973,195,NULL,3,0,1,0,1),(974,195,NULL,4,1,0,0,1),(975,195,NULL,NULL,0,0,0,0),(976,196,1,NULL,0,0,1,1),(977,196,NULL,1,1,1,1,1),(978,196,NULL,3,0,1,0,1),(979,196,NULL,4,1,0,0,1),(980,196,NULL,NULL,0,0,0,0),(981,197,1,NULL,0,0,1,1),(982,197,NULL,1,1,1,1,1),(983,197,NULL,3,0,1,0,1),(984,197,NULL,4,1,0,0,1),(985,197,NULL,NULL,0,0,0,0),(986,198,1,NULL,0,0,1,1),(987,198,NULL,1,1,1,1,1),(988,198,NULL,3,0,1,0,1),(989,198,NULL,4,1,0,0,1),(990,198,NULL,NULL,0,0,0,0),(991,199,1,NULL,0,0,1,1),(992,199,NULL,1,1,1,1,1),(993,199,NULL,3,0,1,0,1),(994,199,NULL,4,1,0,0,1),(995,199,NULL,NULL,0,0,0,0),(996,200,1,NULL,0,0,1,1),(997,200,NULL,1,1,1,1,1),(998,200,NULL,3,0,1,0,1),(999,200,NULL,4,1,0,0,1),(1000,200,NULL,NULL,0,0,0,0),(1001,201,1,NULL,0,0,1,1),(1002,201,NULL,1,1,1,1,1),(1003,201,NULL,3,0,1,0,1),(1004,201,NULL,4,1,0,0,1),(1005,201,NULL,NULL,0,0,0,0),(1006,202,1,NULL,0,0,1,1),(1007,202,NULL,1,1,1,1,1),(1008,202,NULL,3,0,1,0,1),(1009,202,NULL,4,1,0,0,1),(1010,202,NULL,NULL,0,0,0,0),(1011,203,1,NULL,0,0,1,1),(1012,203,NULL,1,1,1,1,1),(1013,203,NULL,3,0,1,0,1),(1014,203,NULL,4,1,0,0,1),(1015,203,NULL,NULL,0,0,0,0),(1016,204,1,NULL,0,0,1,1),(1017,204,NULL,1,1,1,1,1),(1018,204,NULL,3,0,1,0,1),(1019,204,NULL,4,1,0,0,1),(1020,204,NULL,NULL,0,0,0,0),(1021,205,1,NULL,0,0,1,1),(1022,205,NULL,1,1,1,1,1),(1023,205,NULL,3,0,1,0,1),(1024,205,NULL,4,1,0,0,1),(1025,205,NULL,NULL,0,0,0,0),(1026,206,1,NULL,0,0,1,1),(1027,206,NULL,1,1,1,1,1),(1028,206,NULL,3,0,1,0,1),(1029,206,NULL,4,1,0,0,1),(1030,206,NULL,NULL,0,0,0,0),(1031,207,1,NULL,0,0,1,1),(1032,207,NULL,1,1,1,1,1),(1033,207,NULL,3,0,1,0,1),(1034,207,NULL,4,1,0,0,1),(1035,207,NULL,NULL,0,0,0,0),(1036,208,1,NULL,0,0,1,1),(1037,208,NULL,1,1,1,1,1),(1038,208,NULL,3,0,1,0,1),(1039,208,NULL,4,1,0,0,1),(1040,208,NULL,NULL,0,0,0,0),(1041,209,1,NULL,0,0,1,1),(1042,209,NULL,1,1,1,1,1),(1043,209,NULL,3,0,1,0,1),(1044,209,NULL,4,1,0,0,1),(1045,209,NULL,NULL,0,0,0,0),(1046,210,1,NULL,0,0,1,1),(1047,210,NULL,1,1,1,1,1),(1048,210,NULL,3,0,1,0,1),(1049,210,NULL,4,1,0,0,1),(1050,210,NULL,NULL,0,0,0,0),(1051,211,1,NULL,0,0,1,1),(1052,211,NULL,1,1,1,1,1),(1053,211,NULL,3,0,1,0,1),(1054,211,NULL,4,1,0,0,1),(1055,211,NULL,NULL,0,0,0,0),(1056,212,1,NULL,0,0,1,1),(1057,212,NULL,1,1,1,1,1),(1058,212,NULL,3,0,1,0,1),(1059,212,NULL,4,1,0,0,1),(1060,212,NULL,NULL,0,0,0,0),(1061,213,1,NULL,0,0,1,1),(1062,213,NULL,1,1,1,1,1),(1063,213,NULL,3,0,1,0,1),(1064,213,NULL,4,1,0,0,1),(1065,213,NULL,NULL,0,0,0,0),(1066,214,1,NULL,0,0,1,1),(1067,214,NULL,1,1,1,1,1),(1068,214,NULL,3,0,1,0,1),(1069,214,NULL,4,1,0,0,1),(1070,214,NULL,NULL,0,0,0,0),(1071,215,1,NULL,0,0,1,1),(1072,215,NULL,1,1,1,1,1),(1073,215,NULL,3,0,1,0,1),(1074,215,NULL,4,1,0,0,1),(1075,215,NULL,NULL,0,0,0,0),(1076,216,1,NULL,0,0,1,1),(1077,216,NULL,1,1,1,1,1),(1078,216,NULL,3,0,1,0,1),(1079,216,NULL,4,1,0,0,1),(1080,216,NULL,NULL,0,0,0,0),(1081,217,1,NULL,0,0,1,1),(1082,217,NULL,1,1,1,1,1),(1083,217,NULL,3,0,1,0,1),(1084,217,NULL,4,1,0,0,1),(1085,217,NULL,NULL,0,0,0,0),(1086,218,1,NULL,0,0,1,1),(1087,218,NULL,1,1,1,1,1),(1088,218,NULL,3,0,1,0,1),(1089,218,NULL,4,1,0,0,1),(1090,218,NULL,NULL,0,0,0,0),(1091,219,1,NULL,0,0,1,1),(1092,219,NULL,1,1,1,1,1),(1093,219,NULL,3,0,1,0,1),(1094,219,NULL,4,1,0,0,1),(1095,219,NULL,NULL,0,0,0,0),(1096,220,1,NULL,0,0,1,1),(1097,220,NULL,1,1,1,1,1),(1098,220,NULL,3,0,1,0,1),(1099,220,NULL,4,1,0,0,1),(1100,220,NULL,NULL,0,0,0,0),(1101,221,1,NULL,0,0,1,1),(1102,221,NULL,1,1,1,1,1),(1103,221,NULL,3,0,1,0,1),(1104,221,NULL,4,1,0,0,1),(1105,221,NULL,NULL,0,0,0,0),(1106,222,1,NULL,0,0,1,1),(1107,222,NULL,1,1,1,1,1),(1108,222,NULL,3,0,1,0,1),(1109,222,NULL,4,1,0,0,1),(1110,222,NULL,NULL,0,0,0,0),(1111,223,1,NULL,0,0,1,1),(1112,223,NULL,1,1,1,1,1),(1113,223,NULL,3,0,1,0,1),(1114,223,NULL,4,1,0,0,1),(1115,223,NULL,NULL,0,0,0,0),(1116,224,1,NULL,0,0,1,1),(1117,224,NULL,1,1,1,1,1),(1118,224,NULL,3,0,1,0,1),(1119,224,NULL,4,1,0,0,1),(1120,224,NULL,NULL,0,0,0,0),(1121,225,1,NULL,0,0,1,1),(1122,225,NULL,1,1,1,1,1),(1123,225,NULL,3,0,1,0,1),(1124,225,NULL,4,1,0,0,1),(1125,225,NULL,NULL,0,0,0,0),(1126,226,1,NULL,0,0,1,1),(1127,226,NULL,1,1,1,1,1),(1128,226,NULL,3,0,1,0,1),(1129,226,NULL,4,1,0,0,1),(1130,226,NULL,NULL,0,0,0,0),(1131,227,1,NULL,0,0,1,1),(1132,227,NULL,1,1,1,1,1),(1133,227,NULL,3,0,1,0,1),(1134,227,NULL,4,1,0,0,1),(1135,227,NULL,NULL,0,0,0,0),(1136,228,1,NULL,0,0,1,1),(1137,228,NULL,1,1,1,1,1),(1138,228,NULL,3,0,1,0,1),(1139,228,NULL,4,1,0,0,1),(1140,228,NULL,NULL,0,0,0,0),(1141,229,1,NULL,0,0,1,1),(1142,229,NULL,1,1,1,1,1),(1143,229,NULL,3,0,1,0,1),(1144,229,NULL,4,1,0,0,1),(1145,229,NULL,NULL,0,0,0,0),(1146,230,1,NULL,0,0,1,1),(1147,230,NULL,1,1,1,1,1),(1148,230,NULL,3,0,1,0,1),(1149,230,NULL,4,1,0,0,1),(1150,230,NULL,NULL,0,0,0,0),(1151,231,1,NULL,0,0,1,1),(1152,231,NULL,1,1,1,1,1),(1153,231,NULL,3,0,1,0,1),(1154,231,NULL,4,1,0,0,1),(1155,231,NULL,NULL,0,0,0,0),(1156,232,1,NULL,0,0,1,1),(1157,232,NULL,1,1,1,1,1),(1158,232,NULL,3,0,1,0,1),(1159,232,NULL,4,1,0,0,1),(1160,232,NULL,NULL,0,0,0,0),(1161,233,1,NULL,0,0,1,1),(1162,233,NULL,1,1,1,1,1),(1163,233,NULL,3,0,1,0,1),(1164,233,NULL,4,1,0,0,1),(1165,233,NULL,NULL,0,0,0,0),(1166,234,1,NULL,0,0,1,1),(1167,234,NULL,1,1,1,1,1),(1168,234,NULL,3,0,1,0,1),(1169,234,NULL,4,1,0,0,1),(1170,234,NULL,NULL,0,0,0,0),(1171,235,1,NULL,0,0,1,1),(1172,235,NULL,1,1,1,1,1),(1173,235,NULL,3,0,1,0,1),(1174,235,NULL,4,1,0,0,1),(1175,235,NULL,NULL,0,0,0,0),(1176,236,1,NULL,0,0,1,1),(1177,236,NULL,1,1,1,1,1),(1178,236,NULL,3,0,1,0,1),(1179,236,NULL,4,1,0,0,1),(1180,236,NULL,NULL,0,0,0,0),(1181,237,1,NULL,0,0,1,1),(1182,237,NULL,1,1,1,1,1),(1183,237,NULL,3,0,1,0,1),(1184,237,NULL,4,1,0,0,1),(1185,237,NULL,NULL,0,0,0,0),(1186,238,1,NULL,0,0,1,1),(1187,238,NULL,1,1,1,1,1),(1188,238,NULL,3,0,1,0,1),(1189,238,NULL,4,1,0,0,1),(1190,238,NULL,NULL,0,0,0,0),(1191,239,1,NULL,0,0,1,1),(1192,239,NULL,1,1,1,1,1),(1193,239,NULL,3,0,1,0,1),(1194,239,NULL,4,1,0,0,1),(1195,239,NULL,NULL,0,0,0,0),(1196,240,1,NULL,0,0,1,1),(1197,240,NULL,1,1,1,1,1),(1198,240,NULL,3,0,1,0,1),(1199,240,NULL,4,1,0,0,1),(1200,240,NULL,NULL,0,0,0,0),(1201,241,1,NULL,0,0,1,1),(1202,241,NULL,1,1,1,1,1),(1203,241,NULL,3,0,1,0,1),(1204,241,NULL,4,1,0,0,1),(1205,241,NULL,NULL,0,0,0,0),(1206,242,1,NULL,0,0,1,1),(1207,242,NULL,1,1,1,1,1),(1208,242,NULL,3,0,1,0,1),(1209,242,NULL,4,1,0,0,1),(1210,242,NULL,NULL,0,0,0,0),(1211,243,1,NULL,0,0,1,1),(1212,243,NULL,1,1,1,1,1),(1213,243,NULL,3,0,1,0,1),(1214,243,NULL,4,1,0,0,1),(1215,243,NULL,NULL,0,0,0,0),(1216,244,1,NULL,0,0,1,1),(1217,244,NULL,1,1,1,1,1),(1218,244,NULL,3,0,1,0,1),(1219,244,NULL,4,1,0,0,1),(1220,244,NULL,NULL,0,0,0,0),(1221,245,1,NULL,0,0,1,1),(1222,245,NULL,1,1,1,1,1),(1223,245,NULL,3,0,1,0,1),(1224,245,NULL,4,1,0,0,1),(1225,245,NULL,NULL,0,0,0,0),(1226,246,1,NULL,0,0,1,1),(1227,246,NULL,1,1,1,1,1),(1228,246,NULL,3,0,1,0,1),(1229,246,NULL,4,1,0,0,1),(1230,246,NULL,NULL,0,0,0,0),(1231,247,1,NULL,0,0,1,1),(1232,247,NULL,1,1,1,1,1),(1233,247,NULL,3,0,1,0,1),(1234,247,NULL,4,1,0,0,1),(1235,247,NULL,NULL,0,0,0,0),(1236,248,1,NULL,0,0,1,1),(1237,248,NULL,1,1,1,1,1),(1238,248,NULL,3,0,1,0,1),(1239,248,NULL,4,1,0,0,1),(1240,248,NULL,NULL,0,0,0,0),(1241,249,1,NULL,0,0,1,1),(1242,249,NULL,1,1,1,1,1),(1243,249,NULL,3,0,1,0,1),(1244,249,NULL,4,1,0,0,1),(1245,249,NULL,NULL,0,0,0,0),(1246,250,1,NULL,0,0,1,1),(1247,250,NULL,1,1,1,1,1),(1248,250,NULL,3,0,1,0,1),(1249,250,NULL,4,1,0,0,1),(1250,250,NULL,NULL,0,0,0,0),(1251,251,1,NULL,0,0,1,1),(1252,251,NULL,1,1,1,1,1),(1253,251,NULL,3,0,1,0,1),(1254,251,NULL,4,1,0,0,1),(1255,251,NULL,NULL,0,0,0,0),(1256,252,1,NULL,0,0,1,1),(1257,252,NULL,1,1,1,1,1),(1258,252,NULL,3,0,1,0,1),(1259,252,NULL,4,1,0,0,1),(1260,252,NULL,NULL,0,0,0,0),(1261,253,1,NULL,0,0,1,1),(1262,253,NULL,1,1,1,1,1),(1263,253,NULL,3,0,1,0,1),(1264,253,NULL,4,1,0,0,1),(1265,253,NULL,NULL,0,0,0,0),(1266,254,1,NULL,0,0,1,1),(1267,254,NULL,1,1,1,1,1),(1268,254,NULL,3,0,1,0,1),(1269,254,NULL,4,1,0,0,1),(1270,254,NULL,NULL,0,0,0,0),(1271,255,1,NULL,0,0,1,1),(1272,255,NULL,1,1,1,1,1),(1273,255,NULL,3,0,1,0,1),(1274,255,NULL,4,1,0,0,1),(1275,255,NULL,NULL,0,0,0,0),(1276,256,1,NULL,0,0,1,1),(1277,256,NULL,1,1,1,1,1),(1278,256,NULL,3,0,1,0,1),(1279,256,NULL,4,1,0,0,1),(1280,256,NULL,NULL,0,0,0,0),(1281,257,1,NULL,0,0,1,1),(1282,257,NULL,1,1,1,1,1),(1283,257,NULL,3,0,1,0,1),(1284,257,NULL,4,1,0,0,1),(1285,257,NULL,NULL,0,0,0,0),(1286,258,1,NULL,0,0,1,1),(1287,258,NULL,1,1,1,1,1),(1288,258,NULL,3,0,1,0,1),(1289,258,NULL,4,1,0,0,1),(1290,258,NULL,NULL,0,0,0,0),(1291,259,1,NULL,0,0,1,1),(1292,259,NULL,1,1,1,1,1),(1293,259,NULL,3,0,1,0,1),(1294,259,NULL,4,1,0,0,1),(1295,259,NULL,NULL,0,0,0,0),(1296,260,1,NULL,0,0,1,1),(1297,260,NULL,1,1,1,1,1),(1298,260,NULL,3,0,1,0,1),(1299,260,NULL,4,1,0,0,1),(1300,260,NULL,NULL,0,0,0,0),(1301,261,1,NULL,0,0,1,1),(1302,261,NULL,1,1,1,1,1),(1303,261,NULL,3,0,1,0,1),(1304,261,NULL,4,1,0,0,1),(1305,261,NULL,NULL,0,0,0,0),(1306,262,1,NULL,0,0,1,1),(1307,262,NULL,1,1,1,1,1),(1308,262,NULL,3,0,1,0,1),(1309,262,NULL,4,1,0,0,1),(1310,262,NULL,NULL,0,0,0,0),(1311,263,1,NULL,0,0,1,1),(1312,263,NULL,1,1,1,1,1),(1313,263,NULL,3,0,1,0,1),(1314,263,NULL,4,1,0,0,1),(1315,263,NULL,NULL,0,0,0,0),(1316,264,1,NULL,0,0,1,1),(1317,264,NULL,1,1,1,1,1),(1318,264,NULL,3,0,1,0,1),(1319,264,NULL,4,1,0,0,1),(1320,264,NULL,NULL,0,0,0,0),(1321,265,1,NULL,0,0,1,1),(1322,265,NULL,1,1,1,1,1),(1323,265,NULL,3,0,1,0,1),(1324,265,NULL,4,1,0,0,1),(1325,265,NULL,NULL,0,0,0,0),(1326,266,1,NULL,0,0,1,1),(1327,266,NULL,1,1,1,1,1),(1328,266,NULL,3,0,1,0,1),(1329,266,NULL,4,1,0,0,1),(1330,266,NULL,NULL,0,0,0,0),(1331,267,1,NULL,0,0,1,1),(1332,267,NULL,1,1,1,1,1),(1333,267,NULL,3,0,1,0,1),(1334,267,NULL,4,1,0,0,1),(1335,267,NULL,NULL,0,0,0,0),(1336,268,1,NULL,0,0,1,1),(1337,268,NULL,1,1,1,1,1),(1338,268,NULL,3,0,1,0,1),(1339,268,NULL,4,1,0,0,1),(1340,268,NULL,NULL,0,0,0,0),(1341,269,1,NULL,0,0,1,1),(1342,269,NULL,1,1,1,1,1),(1343,269,NULL,3,0,1,0,1),(1344,269,NULL,4,1,0,0,1),(1345,269,NULL,NULL,0,0,0,0),(1346,270,1,NULL,0,0,1,1),(1347,270,NULL,1,1,1,1,1),(1348,270,NULL,3,0,1,0,1),(1349,270,NULL,4,1,0,0,1),(1350,270,NULL,NULL,0,0,0,0),(1351,271,1,NULL,0,0,1,1),(1352,271,NULL,1,1,1,1,1),(1353,271,NULL,3,0,1,0,1),(1354,271,NULL,4,1,0,0,1),(1355,271,NULL,NULL,0,0,0,0),(1356,272,1,NULL,0,0,1,1),(1357,272,NULL,1,1,1,1,1),(1358,272,NULL,3,0,1,0,1),(1359,272,NULL,4,1,0,0,1),(1360,272,NULL,NULL,0,0,0,0),(1361,273,1,NULL,0,0,1,1),(1362,273,NULL,1,1,1,1,1),(1363,273,NULL,3,0,1,0,1),(1364,273,NULL,4,1,0,0,1),(1365,273,NULL,NULL,0,0,0,0),(1366,274,1,NULL,0,0,1,1),(1367,274,NULL,1,1,1,1,1),(1368,274,NULL,3,0,1,0,1),(1369,274,NULL,4,1,0,0,1),(1370,274,NULL,NULL,0,0,0,0),(1371,275,1,NULL,0,0,1,1),(1372,275,NULL,1,1,1,1,1),(1373,275,NULL,3,0,1,0,1),(1374,275,NULL,4,1,0,0,1),(1375,275,NULL,NULL,0,0,0,0),(1376,276,1,NULL,0,0,1,1),(1377,276,NULL,1,1,1,1,1),(1378,276,NULL,3,0,1,0,1),(1379,276,NULL,4,1,0,0,1),(1380,276,NULL,NULL,0,0,0,0),(1381,277,1,NULL,0,0,1,1),(1382,277,NULL,1,1,1,1,1),(1383,277,NULL,3,0,1,0,1),(1384,277,NULL,4,1,0,0,1),(1385,277,NULL,NULL,0,0,0,0),(1386,278,1,NULL,0,0,1,1),(1387,278,NULL,1,1,1,1,1),(1388,278,NULL,3,0,1,0,1),(1389,278,NULL,4,1,0,0,1),(1390,278,NULL,NULL,0,0,0,0),(1391,279,1,NULL,0,0,1,1),(1392,279,NULL,1,1,1,1,1),(1393,279,NULL,3,0,1,0,1),(1394,279,NULL,4,1,0,0,1),(1395,279,NULL,NULL,0,0,0,0),(1396,280,1,NULL,0,0,1,1),(1397,280,NULL,1,1,1,1,1),(1398,280,NULL,3,0,1,0,1),(1399,280,NULL,4,1,0,0,1),(1400,280,NULL,NULL,0,0,0,0),(1401,281,1,NULL,0,0,1,1),(1402,281,NULL,1,1,1,1,1),(1403,281,NULL,3,0,1,0,1),(1404,281,NULL,4,1,0,0,1),(1405,281,NULL,NULL,0,0,0,0),(1406,282,1,NULL,0,0,1,1),(1407,282,NULL,1,1,1,1,1),(1408,282,NULL,3,0,1,0,1),(1409,282,NULL,4,1,0,0,1),(1410,282,NULL,NULL,0,0,0,0),(1411,283,1,NULL,0,0,1,1),(1412,283,NULL,1,1,1,1,1),(1413,283,NULL,3,0,1,0,1),(1414,283,NULL,4,1,0,0,1),(1415,283,NULL,NULL,0,0,0,0),(1416,284,1,NULL,0,0,1,1),(1417,284,NULL,1,1,1,1,1),(1418,284,NULL,3,0,1,0,1),(1419,284,NULL,4,1,0,0,1),(1420,284,NULL,NULL,0,0,0,0),(1421,285,1,NULL,0,0,1,1),(1422,285,NULL,1,1,1,1,1),(1423,285,NULL,3,0,1,0,1),(1424,285,NULL,4,1,0,0,1),(1425,285,NULL,NULL,0,0,0,0),(1426,286,1,NULL,0,0,1,1),(1427,286,NULL,1,1,1,1,1),(1428,286,NULL,3,0,1,0,1),(1429,286,NULL,4,1,0,0,1),(1430,286,NULL,NULL,0,0,0,0),(1431,287,1,NULL,0,0,1,1),(1432,287,NULL,1,1,1,1,1),(1433,287,NULL,3,0,1,0,1),(1434,287,NULL,4,1,0,0,1),(1435,287,NULL,NULL,0,0,0,0),(1436,288,1,NULL,0,0,1,1),(1437,288,NULL,1,1,1,1,1),(1438,288,NULL,3,0,1,0,1),(1439,288,NULL,4,1,0,0,1),(1440,288,NULL,NULL,0,0,0,0),(1441,289,1,NULL,0,0,1,1),(1442,289,NULL,1,1,1,1,1),(1443,289,NULL,3,0,1,0,1),(1444,289,NULL,4,1,0,0,1),(1445,289,NULL,NULL,0,0,0,0),(1446,290,1,NULL,0,0,1,1),(1447,290,NULL,1,1,1,1,1),(1448,290,NULL,3,0,1,0,1),(1449,290,NULL,4,1,0,0,1),(1450,290,NULL,NULL,0,0,0,0),(1451,291,1,NULL,0,0,1,1),(1452,291,NULL,1,1,1,1,1),(1453,291,NULL,3,0,1,0,1),(1454,291,NULL,4,1,0,0,1),(1455,291,NULL,NULL,0,0,0,0),(1456,292,1,NULL,0,0,1,1),(1457,292,NULL,1,1,1,1,1),(1458,292,NULL,3,0,1,0,1),(1459,292,NULL,4,1,0,0,1),(1460,292,NULL,NULL,0,0,0,0),(1461,293,1,NULL,0,0,1,1),(1462,293,NULL,1,1,1,1,1),(1463,293,NULL,3,0,1,0,1),(1464,293,NULL,4,1,0,0,1),(1465,293,NULL,NULL,0,0,0,0),(1466,294,1,NULL,0,0,1,1),(1467,294,NULL,1,1,1,1,1),(1468,294,NULL,3,0,1,0,1),(1469,294,NULL,4,1,0,0,1),(1470,294,NULL,NULL,0,0,0,0),(1471,295,1,NULL,0,0,1,1),(1472,295,NULL,1,1,1,1,1),(1473,295,NULL,3,0,1,0,1),(1474,295,NULL,4,1,0,0,1),(1475,295,NULL,NULL,0,0,0,0),(1476,296,1,NULL,0,0,1,1),(1477,296,NULL,1,1,1,1,1),(1478,296,NULL,3,0,1,0,1),(1479,296,NULL,4,1,0,0,1),(1480,296,NULL,NULL,0,0,0,0),(1481,297,1,NULL,0,0,1,1),(1482,297,NULL,1,1,1,1,1),(1483,297,NULL,3,0,1,0,1),(1484,297,NULL,4,1,0,0,1),(1485,297,NULL,NULL,0,0,0,0),(1486,298,1,NULL,0,0,1,1),(1487,298,NULL,1,1,1,1,1),(1488,298,NULL,3,0,1,0,1),(1489,298,NULL,4,1,0,0,1),(1490,298,NULL,NULL,0,0,0,0),(1491,299,1,NULL,0,0,1,1),(1492,299,NULL,1,1,1,1,1),(1493,299,NULL,3,0,1,0,1),(1494,299,NULL,4,1,0,0,1),(1495,299,NULL,NULL,0,0,0,0),(1496,300,1,NULL,0,0,1,1),(1497,300,NULL,1,1,1,1,1),(1498,300,NULL,3,0,1,0,1),(1499,300,NULL,4,1,0,0,1),(1500,300,NULL,NULL,0,0,0,0),(1501,301,1,NULL,0,0,1,1),(1502,301,NULL,1,1,1,1,1),(1503,301,NULL,3,0,1,0,1),(1504,301,NULL,4,1,0,0,1),(1505,301,NULL,NULL,0,0,0,0),(1506,302,1,NULL,0,0,1,1),(1507,302,NULL,1,1,1,1,1),(1508,302,NULL,3,0,1,0,1),(1509,302,NULL,4,1,0,0,1),(1510,302,NULL,NULL,0,0,0,0),(1511,303,1,NULL,0,0,1,1),(1512,303,NULL,1,1,1,1,1),(1513,303,NULL,3,0,1,0,1),(1514,303,NULL,4,1,0,0,1),(1515,303,NULL,NULL,0,0,0,0),(1516,304,1,NULL,0,0,1,1),(1517,304,NULL,1,1,1,1,1),(1518,304,NULL,3,0,1,0,1),(1519,304,NULL,4,1,0,0,1),(1520,304,NULL,NULL,0,0,0,0),(1521,305,1,NULL,0,0,1,1),(1522,305,NULL,1,1,1,1,1),(1523,305,NULL,3,0,1,0,1),(1524,305,NULL,4,1,0,0,1),(1525,305,NULL,NULL,0,0,0,0),(1526,306,1,NULL,0,0,1,1),(1527,306,NULL,1,1,1,1,1),(1528,306,NULL,3,0,1,0,1),(1529,306,NULL,4,1,0,0,1),(1530,306,NULL,NULL,0,0,0,0),(1531,307,1,NULL,0,0,1,1),(1532,307,NULL,1,1,1,1,1),(1533,307,NULL,3,0,1,0,1),(1534,307,NULL,4,1,0,0,1),(1535,307,NULL,NULL,0,0,0,0),(1536,308,1,NULL,0,0,1,1),(1537,308,NULL,1,1,1,1,1),(1538,308,NULL,3,0,1,0,1),(1539,308,NULL,4,1,0,0,1),(1540,308,NULL,NULL,0,0,0,0),(1541,309,1,NULL,0,0,1,1),(1542,309,NULL,1,1,1,1,1),(1543,309,NULL,3,0,1,0,1),(1544,309,NULL,4,1,0,0,1),(1545,309,NULL,NULL,0,0,0,0),(1546,310,1,NULL,0,0,1,1),(1547,310,NULL,1,1,1,1,1),(1548,310,NULL,3,0,1,0,1),(1549,310,NULL,4,1,0,0,1),(1550,310,NULL,NULL,0,0,0,0),(1551,311,1,NULL,0,0,1,1),(1552,311,NULL,1,1,1,1,1),(1553,311,NULL,3,0,1,0,1),(1554,311,NULL,4,1,0,0,1),(1555,311,NULL,NULL,0,0,0,0),(1556,312,1,NULL,0,0,1,1),(1557,312,NULL,1,1,1,1,1),(1558,312,NULL,3,0,1,0,1),(1559,312,NULL,4,1,0,0,1),(1560,312,NULL,NULL,0,0,0,0),(1561,313,1,NULL,0,0,1,1),(1562,313,NULL,1,1,1,1,1),(1563,313,NULL,3,0,1,0,1),(1564,313,NULL,4,1,0,0,1),(1565,313,NULL,NULL,0,0,0,0),(1566,314,1,NULL,0,0,1,1),(1567,314,NULL,1,1,1,1,1),(1568,314,NULL,3,0,1,0,1),(1569,314,NULL,4,1,0,0,1),(1570,314,NULL,NULL,0,0,0,0),(1571,315,1,NULL,0,0,1,1),(1572,315,NULL,1,1,1,1,1),(1573,315,NULL,3,0,1,0,1),(1574,315,NULL,4,1,0,0,1),(1575,315,NULL,NULL,0,0,0,0),(1576,316,1,NULL,0,0,1,1),(1577,316,NULL,1,1,1,1,1),(1578,316,NULL,3,0,1,0,1),(1579,316,NULL,4,1,0,0,1),(1580,316,NULL,NULL,0,0,0,0),(1581,317,1,NULL,0,0,1,1),(1582,317,NULL,1,1,1,1,1),(1583,317,NULL,3,0,1,0,1),(1584,317,NULL,4,1,0,0,1),(1585,317,NULL,NULL,0,0,0,0),(1586,318,1,NULL,0,0,1,1),(1587,318,NULL,1,1,1,1,1),(1588,318,NULL,3,0,1,0,1),(1589,318,NULL,4,1,0,0,1),(1590,318,NULL,NULL,0,0,0,0),(1591,319,1,NULL,0,0,1,1),(1592,319,NULL,1,1,1,1,1),(1593,319,NULL,3,0,1,0,1),(1594,319,NULL,4,1,0,0,1),(1595,319,NULL,NULL,0,0,0,0),(1596,320,1,NULL,0,0,1,1),(1597,320,NULL,1,1,1,1,1),(1598,320,NULL,3,0,1,0,1),(1599,320,NULL,4,1,0,0,1),(1600,320,NULL,NULL,0,0,0,0),(1601,321,1,NULL,0,0,1,1),(1602,321,NULL,1,1,1,1,1),(1603,321,NULL,3,0,1,0,1),(1604,321,NULL,4,1,0,0,1),(1605,321,NULL,NULL,0,0,0,0),(1606,322,1,NULL,0,0,1,1),(1607,322,NULL,1,1,1,1,1),(1608,322,NULL,3,0,1,0,1),(1609,322,NULL,4,1,0,0,1),(1610,322,NULL,NULL,0,0,0,0),(1611,323,1,NULL,0,0,1,1),(1612,323,NULL,1,1,1,1,1),(1613,323,NULL,3,0,1,0,1),(1614,323,NULL,4,1,0,0,1),(1615,323,NULL,NULL,0,0,0,0),(1616,324,1,NULL,0,0,1,1),(1617,324,NULL,1,1,1,1,1),(1618,324,NULL,3,0,1,0,1),(1619,324,NULL,4,1,0,0,1),(1620,324,NULL,NULL,0,0,0,0),(1621,325,1,NULL,0,0,1,1),(1622,325,NULL,1,1,1,1,1),(1623,325,NULL,3,0,1,0,1),(1624,325,NULL,4,1,0,0,1),(1625,325,NULL,NULL,0,0,0,0),(1626,326,1,NULL,0,0,1,1),(1627,326,NULL,1,1,1,1,1),(1628,326,NULL,3,0,1,0,1),(1629,326,NULL,4,1,0,0,1),(1630,326,NULL,NULL,0,0,0,0),(1631,327,1,NULL,0,0,1,1),(1632,327,NULL,1,1,1,1,1),(1633,327,NULL,3,0,1,0,1),(1634,327,NULL,4,1,0,0,1),(1635,327,NULL,NULL,0,0,0,0),(1636,328,1,NULL,0,0,1,1),(1637,328,NULL,1,1,1,1,1),(1638,328,NULL,3,0,1,0,1),(1639,328,NULL,4,1,0,0,1),(1640,328,NULL,NULL,0,0,0,0),(1641,329,1,NULL,0,0,1,1),(1642,329,NULL,1,1,1,1,1),(1643,329,NULL,3,0,1,0,1),(1644,329,NULL,4,1,0,0,1),(1645,329,NULL,NULL,0,0,0,0),(1646,330,1,NULL,0,0,1,1),(1647,330,NULL,1,1,1,1,1),(1648,330,NULL,3,0,1,0,1),(1649,330,NULL,4,1,0,0,1),(1650,330,NULL,NULL,0,0,0,0),(1651,331,1,NULL,0,0,1,1),(1652,331,NULL,1,1,1,1,1),(1653,331,NULL,3,0,1,0,1),(1654,331,NULL,4,1,0,0,1),(1655,331,NULL,NULL,0,0,0,0),(1656,332,1,NULL,0,0,1,1),(1657,332,NULL,1,1,1,1,1),(1658,332,NULL,3,0,1,0,1),(1659,332,NULL,4,1,0,0,1),(1660,332,NULL,NULL,0,0,0,0),(1661,333,1,NULL,0,0,1,1),(1662,333,NULL,1,1,1,1,1),(1663,333,NULL,3,0,1,0,1),(1664,333,NULL,4,1,0,0,1),(1665,333,NULL,NULL,0,0,0,0),(1666,334,1,NULL,0,0,1,1),(1667,334,NULL,1,1,1,1,1),(1668,334,NULL,3,0,1,0,1),(1669,334,NULL,4,1,0,0,1),(1670,334,NULL,NULL,0,0,0,0),(1671,335,1,NULL,0,0,1,1),(1672,335,NULL,1,1,1,1,1),(1673,335,NULL,3,0,1,0,1),(1674,335,NULL,4,1,0,0,1),(1675,335,NULL,NULL,0,0,0,0),(1676,336,1,NULL,0,0,1,1),(1677,336,NULL,1,1,1,1,1),(1678,336,NULL,3,0,1,0,1),(1679,336,NULL,4,1,0,0,1),(1680,336,NULL,NULL,0,0,0,0),(1681,337,1,NULL,0,0,1,1),(1682,337,NULL,1,1,1,1,1),(1683,337,NULL,3,0,1,0,1),(1684,337,NULL,4,1,0,0,1),(1685,337,NULL,NULL,0,0,0,0),(1686,338,1,NULL,0,0,1,1),(1687,338,NULL,1,1,1,1,1),(1688,338,NULL,3,0,1,0,1),(1689,338,NULL,4,1,0,0,1),(1690,338,NULL,NULL,0,0,0,0),(1691,339,1,NULL,0,0,1,1),(1692,339,NULL,1,1,1,1,1),(1693,339,NULL,3,0,1,0,1),(1694,339,NULL,4,1,0,0,1),(1695,339,NULL,NULL,0,0,0,0),(1696,340,1,NULL,0,0,1,1),(1697,340,NULL,1,1,1,1,1),(1698,340,NULL,3,0,1,0,1),(1699,340,NULL,4,1,0,0,1),(1700,340,NULL,NULL,0,0,0,0),(1701,341,1,NULL,0,0,1,1),(1702,341,NULL,1,1,1,1,1),(1703,341,NULL,3,0,1,0,1),(1704,341,NULL,4,1,0,0,1),(1705,341,NULL,NULL,0,0,0,0),(1706,342,1,NULL,0,0,1,1),(1707,342,NULL,1,1,1,1,1),(1708,342,NULL,3,0,1,0,1),(1709,342,NULL,4,1,0,0,1),(1710,342,NULL,NULL,0,0,0,0),(1711,343,1,NULL,0,0,1,1),(1712,343,NULL,1,1,1,1,1),(1713,343,NULL,3,0,1,0,1),(1714,343,NULL,4,1,0,0,1),(1715,343,NULL,NULL,0,0,0,0),(1716,344,1,NULL,0,0,1,1),(1717,344,NULL,1,1,1,1,1),(1718,344,NULL,3,0,1,0,1),(1719,344,NULL,4,1,0,0,1),(1720,344,NULL,NULL,0,0,0,0),(1721,345,1,NULL,0,0,1,1),(1722,345,NULL,1,1,1,1,1),(1723,345,NULL,3,0,1,0,1),(1724,345,NULL,4,1,0,0,1),(1725,345,NULL,NULL,0,0,0,0),(1726,346,1,NULL,0,0,1,1),(1727,346,NULL,1,1,1,1,1),(1728,346,NULL,3,0,1,0,1),(1729,346,NULL,4,1,0,0,1),(1730,346,NULL,NULL,0,0,0,0),(1731,347,1,NULL,0,0,1,1),(1732,347,NULL,1,1,1,1,1),(1733,347,NULL,3,0,1,0,1),(1734,347,NULL,4,1,0,0,1),(1735,347,NULL,NULL,0,0,0,0),(1736,348,1,NULL,0,0,1,1),(1737,348,NULL,1,1,1,1,1),(1738,348,NULL,3,0,1,0,1),(1739,348,NULL,4,1,0,0,1),(1740,348,NULL,NULL,0,0,0,0),(1741,349,1,NULL,0,0,1,1),(1742,349,NULL,1,1,1,1,1),(1743,349,NULL,3,0,1,0,1),(1744,349,NULL,4,1,0,0,1),(1745,349,NULL,NULL,0,0,0,0),(1746,350,1,NULL,0,0,1,1),(1747,350,NULL,1,1,1,1,1),(1748,350,NULL,3,0,1,0,1),(1749,350,NULL,4,1,0,0,1),(1750,350,NULL,NULL,0,0,0,0),(1751,351,1,NULL,0,0,1,1),(1752,351,NULL,1,1,1,1,1),(1753,351,NULL,3,0,1,0,1),(1754,351,NULL,4,1,0,0,1),(1755,351,NULL,NULL,0,0,0,0),(1756,352,1,NULL,0,0,1,1),(1757,352,NULL,1,1,1,1,1),(1758,352,NULL,3,0,1,0,1),(1759,352,NULL,4,1,0,0,1),(1760,352,NULL,NULL,0,0,0,0),(1761,353,1,NULL,0,0,1,1),(1762,353,NULL,1,1,1,1,1),(1763,353,NULL,3,0,1,0,1),(1764,353,NULL,4,1,0,0,1),(1765,353,NULL,NULL,0,0,0,0),(1766,354,1,NULL,0,0,1,1),(1767,354,NULL,1,1,1,1,1),(1768,354,NULL,3,0,1,0,1),(1769,354,NULL,4,1,0,0,1),(1770,354,NULL,NULL,0,0,0,0),(1771,355,1,NULL,0,0,1,1),(1772,355,NULL,1,1,1,1,1),(1773,355,NULL,3,0,1,0,1),(1774,355,NULL,4,1,0,0,1),(1775,355,NULL,NULL,0,0,0,0),(1776,356,1,NULL,0,0,1,1),(1777,356,NULL,1,1,1,1,1),(1778,356,NULL,3,0,1,0,1),(1779,356,NULL,4,1,0,0,1),(1780,356,NULL,NULL,0,0,0,0),(1781,357,1,NULL,0,0,1,1),(1782,357,NULL,1,1,1,1,1),(1783,357,NULL,3,0,1,0,1),(1784,357,NULL,4,1,0,0,1),(1785,357,NULL,NULL,0,0,0,0),(1786,358,1,NULL,0,0,1,1),(1787,358,NULL,1,1,1,1,1),(1788,358,NULL,3,0,1,0,1),(1789,358,NULL,4,1,0,0,1),(1790,358,NULL,NULL,0,0,0,0),(1791,359,1,NULL,0,0,1,1),(1792,359,NULL,1,1,1,1,1),(1793,359,NULL,3,0,1,0,1),(1794,359,NULL,4,1,0,0,1),(1795,359,NULL,NULL,0,0,0,0),(1796,360,1,NULL,0,0,1,1),(1797,360,NULL,1,1,1,1,1),(1798,360,NULL,3,0,1,0,1),(1799,360,NULL,4,1,0,0,1),(1800,360,NULL,NULL,0,0,0,0),(1801,361,1,NULL,0,0,1,1),(1802,361,NULL,1,1,1,1,1),(1803,361,NULL,3,0,1,0,1),(1804,361,NULL,4,1,0,0,1),(1805,361,NULL,NULL,0,0,0,0),(1806,362,1,NULL,0,0,1,1),(1807,362,NULL,1,1,1,1,1),(1808,362,NULL,3,0,1,0,1),(1809,362,NULL,4,1,0,0,1),(1810,362,NULL,NULL,0,0,0,0),(1811,363,1,NULL,0,0,1,1),(1812,363,NULL,1,1,1,1,1),(1813,363,NULL,3,0,1,0,1),(1814,363,NULL,4,1,0,0,1),(1815,363,NULL,NULL,0,0,0,0),(1816,364,1,NULL,0,0,1,1),(1817,364,NULL,1,1,1,1,1),(1818,364,NULL,3,0,1,0,1),(1819,364,NULL,4,1,0,0,1),(1820,364,NULL,NULL,0,0,0,0),(1821,365,1,NULL,0,0,1,1),(1822,365,NULL,1,1,1,1,1),(1823,365,NULL,3,0,1,0,1),(1824,365,NULL,4,1,0,0,1),(1825,365,NULL,NULL,0,0,0,0),(1826,366,1,NULL,0,0,1,1),(1827,366,NULL,1,1,1,1,1),(1828,366,NULL,3,0,1,0,1),(1829,366,NULL,4,1,0,0,1),(1830,366,NULL,NULL,0,0,0,0),(1831,367,1,NULL,0,0,1,1),(1832,367,NULL,1,1,1,1,1),(1833,367,NULL,3,0,1,0,1),(1834,367,NULL,4,1,0,0,1),(1835,367,NULL,NULL,0,0,0,0),(1836,368,1,NULL,0,0,1,1),(1837,368,NULL,1,1,1,1,1),(1838,368,NULL,3,0,1,0,1),(1839,368,NULL,4,1,0,0,1),(1840,368,NULL,NULL,0,0,0,0),(1841,369,1,NULL,0,0,1,1),(1842,369,NULL,1,1,1,1,1),(1843,369,NULL,3,0,1,0,1),(1844,369,NULL,4,1,0,0,1),(1845,369,NULL,NULL,0,0,0,0),(1846,370,1,NULL,0,0,1,1),(1847,370,NULL,1,1,1,1,1),(1848,370,NULL,3,0,1,0,1),(1849,370,NULL,4,1,0,0,1),(1850,370,NULL,NULL,0,0,0,0),(1851,371,1,NULL,0,0,1,1),(1852,371,NULL,1,1,1,1,1),(1853,371,NULL,3,0,1,0,1),(1854,371,NULL,4,1,0,0,1),(1855,371,NULL,NULL,0,0,0,0),(1856,372,1,NULL,0,0,1,1),(1857,372,NULL,1,1,1,1,1),(1858,372,NULL,3,0,1,0,1),(1859,372,NULL,4,1,0,0,1),(1860,372,NULL,NULL,0,0,0,0),(1861,373,1,NULL,0,0,1,1),(1862,373,NULL,1,1,1,1,1),(1863,373,NULL,3,0,1,0,1),(1864,373,NULL,4,1,0,0,1),(1865,373,NULL,NULL,0,0,0,0),(1866,374,1,NULL,0,0,1,1),(1867,374,NULL,1,1,1,1,1),(1868,374,NULL,3,0,1,0,1),(1869,374,NULL,4,1,0,0,1),(1870,374,NULL,NULL,0,0,0,0),(1871,375,1,NULL,0,0,1,1),(1872,375,NULL,1,1,1,1,1),(1873,375,NULL,3,0,1,0,1),(1874,375,NULL,4,1,0,0,1),(1875,375,NULL,NULL,0,0,0,0),(1876,376,1,NULL,0,0,1,1),(1877,376,NULL,1,1,1,1,1),(1878,376,NULL,3,0,1,0,1),(1879,376,NULL,4,1,0,0,1),(1880,376,NULL,NULL,0,0,0,0),(1881,377,1,NULL,0,0,1,1),(1882,377,NULL,1,1,1,1,1),(1883,377,NULL,3,0,1,0,1),(1884,377,NULL,4,1,0,0,1),(1885,377,NULL,NULL,0,0,0,0),(1886,378,1,NULL,0,0,1,1),(1887,378,NULL,1,1,1,1,1),(1888,378,NULL,3,0,1,0,1),(1889,378,NULL,4,1,0,0,1),(1890,378,NULL,NULL,0,0,0,0),(1891,379,1,NULL,0,0,1,1),(1892,379,NULL,1,1,1,1,1),(1893,379,NULL,3,0,1,0,1),(1894,379,NULL,4,1,0,0,1),(1895,379,NULL,NULL,0,0,0,0),(1896,380,1,NULL,0,0,1,1),(1897,380,NULL,1,1,1,1,1),(1898,380,NULL,3,0,1,0,1),(1899,380,NULL,4,1,0,0,1),(1900,380,NULL,NULL,0,0,0,0),(1901,381,1,NULL,0,0,1,1),(1902,381,NULL,1,1,1,1,1),(1903,381,NULL,3,0,1,0,1),(1904,381,NULL,4,1,0,0,1),(1905,381,NULL,NULL,0,0,0,0),(1906,382,1,NULL,0,0,1,1),(1907,382,NULL,1,1,1,1,1),(1908,382,NULL,3,0,1,0,1),(1909,382,NULL,4,1,0,0,1),(1910,382,NULL,NULL,0,0,0,0),(1911,383,1,NULL,0,0,1,1),(1912,383,NULL,1,1,1,1,1),(1913,383,NULL,3,0,1,0,1),(1914,383,NULL,4,1,0,0,1),(1915,383,NULL,NULL,0,0,0,0),(1916,384,1,NULL,0,0,1,1),(1917,384,NULL,1,1,1,1,1),(1918,384,NULL,3,0,1,0,1),(1919,384,NULL,4,1,0,0,1),(1920,384,NULL,NULL,0,0,0,0),(1921,385,1,NULL,0,0,1,1),(1922,385,NULL,1,1,1,1,1),(1923,385,NULL,3,0,1,0,1),(1924,385,NULL,4,1,0,0,1),(1925,385,NULL,NULL,0,0,0,0),(1926,386,1,NULL,0,0,1,1),(1927,386,NULL,1,1,1,1,1),(1928,386,NULL,3,0,1,0,1),(1929,386,NULL,4,1,0,0,1),(1930,386,NULL,NULL,0,0,0,0),(1931,387,1,NULL,0,0,1,1),(1932,387,NULL,1,1,1,1,1),(1933,387,NULL,3,0,1,0,1),(1934,387,NULL,4,1,0,0,1),(1935,387,NULL,NULL,0,0,0,0),(1936,388,1,NULL,0,0,1,1),(1937,388,NULL,1,1,1,1,1),(1938,388,NULL,3,0,1,0,1),(1939,388,NULL,4,1,0,0,1),(1940,388,NULL,NULL,0,0,0,0),(1941,389,1,NULL,0,0,1,1),(1942,389,NULL,1,1,1,1,1),(1943,389,NULL,3,0,1,0,1),(1944,389,NULL,4,1,0,0,1),(1945,389,NULL,NULL,0,0,0,0),(1946,390,1,NULL,0,0,1,1),(1947,390,NULL,1,1,1,1,1),(1948,390,NULL,3,0,1,0,1),(1949,390,NULL,4,1,0,0,1),(1950,390,NULL,NULL,0,0,0,0),(1951,391,1,NULL,0,0,1,1),(1952,391,NULL,1,1,1,1,1),(1953,391,NULL,3,0,1,0,1),(1954,391,NULL,4,1,0,0,1),(1955,391,NULL,NULL,0,0,0,0),(1956,392,1,NULL,0,0,1,1),(1957,392,NULL,1,1,1,1,1),(1958,392,NULL,3,0,1,0,1),(1959,392,NULL,4,1,0,0,1),(1960,392,NULL,NULL,0,0,0,0),(1961,393,1,NULL,0,0,1,1),(1962,393,NULL,1,1,1,1,1),(1963,393,NULL,3,0,1,0,1),(1964,393,NULL,4,1,0,0,1),(1965,393,NULL,NULL,0,0,0,0),(1966,394,1,NULL,0,0,1,1),(1967,394,NULL,1,1,1,1,1),(1968,394,NULL,3,0,1,0,1),(1969,394,NULL,4,1,0,0,1),(1970,394,NULL,NULL,0,0,0,0),(1971,395,1,NULL,0,0,1,1),(1972,395,NULL,1,1,1,1,1),(1973,395,NULL,3,0,1,0,1),(1974,395,NULL,4,1,0,0,1),(1975,395,NULL,NULL,0,0,0,0),(1976,396,1,NULL,0,0,1,1),(1977,396,NULL,1,1,1,1,1),(1978,396,NULL,3,0,1,0,1),(1979,396,NULL,4,1,0,0,1),(1980,396,NULL,NULL,0,0,0,0),(1981,397,1,NULL,0,0,1,1),(1982,397,NULL,1,1,1,1,1),(1983,397,NULL,3,0,1,0,1),(1984,397,NULL,4,1,0,0,1),(1985,397,NULL,NULL,0,0,0,0),(1986,398,1,NULL,0,0,1,1),(1987,398,NULL,1,1,1,1,1),(1988,398,NULL,3,0,1,0,1),(1989,398,NULL,4,1,0,0,1),(1990,398,NULL,NULL,0,0,0,0),(1991,399,1,NULL,0,0,1,1),(1992,399,NULL,1,1,1,1,1),(1993,399,NULL,3,0,1,0,1),(1994,399,NULL,4,1,0,0,1),(1995,399,NULL,NULL,0,0,0,0),(1996,400,1,NULL,0,0,1,1),(1997,400,NULL,1,1,1,1,1),(1998,400,NULL,3,0,1,0,1),(1999,400,NULL,4,1,0,0,1),(2000,400,NULL,NULL,0,0,0,0),(2001,401,1,NULL,0,0,1,1),(2002,401,NULL,1,1,1,1,1),(2003,401,NULL,3,0,1,0,1),(2004,401,NULL,4,1,0,0,1),(2005,401,NULL,NULL,0,0,0,0),(2006,402,1,NULL,0,0,1,1),(2007,402,NULL,1,1,1,1,1),(2008,402,NULL,3,0,1,0,1),(2009,402,NULL,4,1,0,0,1),(2010,402,NULL,NULL,0,0,0,0),(2011,403,1,NULL,0,0,1,1),(2012,403,NULL,1,1,1,1,1),(2013,403,NULL,3,0,1,0,1),(2014,403,NULL,4,1,0,0,1),(2015,403,NULL,NULL,0,0,0,0),(2016,404,1,NULL,0,0,1,1),(2017,404,NULL,1,1,1,1,1),(2018,404,NULL,3,0,1,0,1),(2019,404,NULL,4,1,0,0,1),(2020,404,NULL,NULL,0,0,0,0),(2021,405,1,NULL,0,0,1,1),(2022,405,NULL,1,1,1,1,1),(2023,405,NULL,3,0,1,0,1),(2024,405,NULL,4,1,0,0,1),(2025,405,NULL,NULL,0,0,0,0),(2026,406,1,NULL,0,0,1,1),(2027,406,NULL,1,1,1,1,1),(2028,406,NULL,3,0,1,0,1),(2029,406,NULL,4,1,0,0,1),(2030,406,NULL,NULL,0,0,0,0),(2031,407,1,NULL,0,0,1,1),(2032,407,NULL,1,1,1,1,1),(2033,407,NULL,3,0,1,0,1),(2034,407,NULL,4,1,0,0,1),(2035,407,NULL,NULL,0,0,0,0),(2036,408,1,NULL,0,0,1,1),(2037,408,NULL,1,1,1,1,1),(2038,408,NULL,3,0,1,0,1),(2039,408,NULL,4,1,0,0,1),(2040,408,NULL,NULL,0,0,0,0),(2041,409,1,NULL,0,0,1,1),(2042,409,NULL,1,1,1,1,1),(2043,409,NULL,3,0,1,0,1),(2044,409,NULL,4,1,0,0,1),(2045,409,NULL,NULL,0,0,0,0),(2046,410,1,NULL,0,0,1,1),(2047,410,NULL,1,1,1,1,1),(2048,410,NULL,3,0,1,0,1),(2049,410,NULL,4,1,0,0,1),(2050,410,NULL,NULL,0,0,0,0),(2051,411,1,NULL,0,0,1,1),(2052,411,NULL,1,1,1,1,1),(2053,411,NULL,3,0,1,0,1),(2054,411,NULL,4,1,0,0,1),(2055,411,NULL,NULL,0,0,0,0),(2056,412,1,NULL,0,0,1,1),(2057,412,NULL,1,1,1,1,1),(2058,412,NULL,3,0,1,0,1),(2059,412,NULL,4,1,0,0,1),(2060,412,NULL,NULL,0,0,0,0),(2061,413,1,NULL,0,0,1,1),(2062,413,NULL,1,1,1,1,1),(2063,413,NULL,3,0,1,0,1),(2064,413,NULL,4,1,0,0,1),(2065,413,NULL,NULL,0,0,0,0),(2066,414,1,NULL,0,0,1,1),(2067,414,NULL,1,1,1,1,1),(2068,414,NULL,3,0,1,0,1),(2069,414,NULL,4,1,0,0,1),(2070,414,NULL,NULL,0,0,0,0),(2071,415,1,NULL,0,0,1,1),(2072,415,NULL,1,1,1,1,1),(2073,415,NULL,3,0,1,0,1),(2074,415,NULL,4,1,0,0,1),(2075,415,NULL,NULL,0,0,0,0),(2076,416,1,NULL,0,0,1,1),(2077,416,NULL,1,1,1,1,1),(2078,416,NULL,3,0,1,0,1),(2079,416,NULL,4,1,0,0,1),(2080,416,NULL,NULL,0,0,0,0),(2081,417,1,NULL,0,0,1,1),(2082,417,NULL,1,1,1,1,1),(2083,417,NULL,3,0,1,0,1),(2084,417,NULL,4,1,0,0,1),(2085,417,NULL,NULL,0,0,0,0),(2086,418,1,NULL,0,0,1,1),(2087,418,NULL,1,1,1,1,1),(2088,418,NULL,3,0,1,0,1),(2089,418,NULL,4,1,0,0,1),(2090,418,NULL,NULL,0,0,0,0),(2091,419,1,NULL,0,0,1,1),(2092,419,NULL,1,1,1,1,1),(2093,419,NULL,3,0,1,0,1),(2094,419,NULL,4,1,0,0,1),(2095,419,NULL,NULL,0,0,0,0),(2096,420,1,NULL,0,0,1,1),(2097,420,NULL,1,1,1,1,1),(2098,420,NULL,3,0,1,0,1),(2099,420,NULL,4,1,0,0,1),(2100,420,NULL,NULL,0,0,0,0),(2101,421,1,NULL,0,0,1,1),(2102,421,NULL,1,1,1,1,1),(2103,421,NULL,3,0,1,0,1),(2104,421,NULL,4,1,0,0,1),(2105,421,NULL,NULL,0,0,0,0),(2106,422,1,NULL,0,0,1,1),(2107,422,NULL,1,1,1,1,1),(2108,422,NULL,3,0,1,0,1),(2109,422,NULL,4,1,0,0,1),(2110,422,NULL,NULL,0,0,0,0),(2111,423,1,NULL,0,0,1,1),(2112,423,NULL,1,1,1,1,1),(2113,423,NULL,3,0,1,0,1),(2114,423,NULL,4,1,0,0,1),(2115,423,NULL,NULL,0,0,0,0),(2116,424,1,NULL,0,0,1,1),(2117,424,NULL,1,1,1,1,1),(2118,424,NULL,3,0,1,0,1),(2119,424,NULL,4,1,0,0,1),(2120,424,NULL,NULL,0,0,0,0),(2121,425,1,NULL,0,0,1,1),(2122,425,NULL,1,1,1,1,1),(2123,425,NULL,3,0,1,0,1),(2124,425,NULL,4,1,0,0,1),(2125,425,NULL,NULL,0,0,0,0),(2126,426,1,NULL,0,0,1,1),(2127,426,NULL,1,1,1,1,1),(2128,426,NULL,3,0,1,0,1),(2129,426,NULL,4,1,0,0,1),(2130,426,NULL,NULL,0,0,0,0),(2131,427,1,NULL,0,0,1,1),(2132,427,NULL,1,1,1,1,1),(2133,427,NULL,3,0,1,0,1),(2134,427,NULL,4,1,0,0,1),(2135,427,NULL,NULL,0,0,0,0),(2136,428,1,NULL,0,0,1,1),(2137,428,NULL,1,1,1,1,1),(2138,428,NULL,3,0,1,0,1),(2139,428,NULL,4,1,0,0,1),(2140,428,NULL,NULL,0,0,0,0),(2141,429,1,NULL,0,0,1,1),(2142,429,NULL,1,1,1,1,1),(2143,429,NULL,3,0,1,0,1),(2144,429,NULL,4,1,0,0,1),(2145,429,NULL,NULL,0,0,0,0),(2146,430,1,NULL,0,0,1,1),(2147,430,NULL,1,1,1,1,1),(2148,430,NULL,3,0,1,0,1),(2149,430,NULL,4,1,0,0,1),(2150,430,NULL,NULL,0,0,0,0),(2151,431,1,NULL,0,0,1,1),(2152,431,NULL,1,1,1,1,1),(2153,431,NULL,3,0,1,0,1),(2154,431,NULL,4,1,0,0,1),(2155,431,NULL,NULL,0,0,0,0),(2156,432,1,NULL,0,0,1,1),(2157,432,NULL,1,1,1,1,1),(2158,432,NULL,3,0,1,0,1),(2159,432,NULL,4,1,0,0,1),(2160,432,NULL,NULL,0,0,0,0),(2161,433,1,NULL,0,0,1,1),(2162,433,NULL,1,1,1,1,1),(2163,433,NULL,3,0,1,0,1),(2164,433,NULL,4,1,0,0,1),(2165,433,NULL,NULL,0,0,0,0),(2166,434,1,NULL,0,0,1,1),(2167,434,NULL,1,1,1,1,1),(2168,434,NULL,3,0,1,0,1),(2169,434,NULL,4,1,0,0,1),(2170,434,NULL,NULL,0,0,0,0),(2171,435,1,NULL,0,0,1,1),(2172,435,NULL,1,1,1,1,1),(2173,435,NULL,3,0,1,0,1),(2174,435,NULL,4,1,0,0,1),(2175,435,NULL,NULL,0,0,0,0),(2176,436,1,NULL,0,0,1,1),(2177,436,NULL,1,1,1,1,1),(2178,436,NULL,3,0,1,0,1),(2179,436,NULL,4,1,0,0,1),(2180,436,NULL,NULL,0,0,0,0),(2181,437,1,NULL,0,0,1,1),(2182,437,NULL,1,1,1,1,1),(2183,437,NULL,3,0,1,0,1),(2184,437,NULL,4,1,0,0,1),(2185,437,NULL,NULL,0,0,0,0),(2186,438,1,NULL,0,0,1,1),(2187,438,NULL,1,1,1,1,1),(2188,438,NULL,3,0,1,0,1),(2189,438,NULL,4,1,0,0,1),(2190,438,NULL,NULL,0,0,0,0),(2191,439,1,NULL,0,0,1,1),(2192,439,NULL,1,1,1,1,1),(2193,439,NULL,3,0,1,0,1),(2194,439,NULL,4,1,0,0,1),(2195,439,NULL,NULL,0,0,0,0),(2196,440,1,NULL,0,0,1,1),(2197,440,NULL,1,1,1,1,1),(2198,440,NULL,3,0,1,0,1),(2199,440,NULL,4,1,0,0,1),(2200,440,NULL,NULL,0,0,0,0),(2201,441,1,NULL,0,0,1,1),(2202,441,NULL,1,1,1,1,1),(2203,441,NULL,3,0,1,0,1),(2204,441,NULL,4,1,0,0,1),(2205,441,NULL,NULL,0,0,0,0),(2206,442,1,NULL,0,0,1,1),(2207,442,NULL,1,1,1,1,1),(2208,442,NULL,3,0,1,0,1),(2209,442,NULL,4,1,0,0,1),(2210,442,NULL,NULL,0,0,0,0),(2211,443,1,NULL,0,0,1,1),(2212,443,NULL,1,1,1,1,1),(2213,443,NULL,3,0,1,0,1),(2214,443,NULL,4,1,0,0,1),(2215,443,NULL,NULL,0,0,0,0),(2216,444,1,NULL,0,0,1,1),(2217,444,NULL,1,1,1,1,1),(2218,444,NULL,3,0,1,0,1),(2219,444,NULL,4,1,0,0,1),(2220,444,NULL,NULL,0,0,0,0),(2221,445,1,NULL,0,0,1,1),(2222,445,NULL,1,1,1,1,1),(2223,445,NULL,3,0,1,0,1),(2224,445,NULL,4,1,0,0,1),(2225,445,NULL,NULL,0,0,0,0),(2226,446,1,NULL,0,0,1,1),(2227,446,NULL,1,1,1,1,1),(2228,446,NULL,3,0,1,0,1),(2229,446,NULL,4,1,0,0,1),(2230,446,NULL,NULL,0,0,0,0),(2231,447,1,NULL,0,0,1,1),(2232,447,NULL,1,1,1,1,1),(2233,447,NULL,3,0,1,0,1),(2234,447,NULL,4,1,0,0,1),(2235,447,NULL,NULL,0,0,0,0),(2236,448,1,NULL,0,0,1,1),(2237,448,NULL,1,1,1,1,1),(2238,448,NULL,3,0,1,0,1),(2239,448,NULL,4,1,0,0,1),(2240,448,NULL,NULL,0,0,0,0),(2241,449,1,NULL,0,0,1,1),(2242,449,NULL,1,1,1,1,1),(2243,449,NULL,3,0,1,0,1),(2244,449,NULL,4,1,0,0,1),(2245,449,NULL,NULL,0,0,0,0),(2246,450,1,NULL,0,0,1,1),(2247,450,NULL,1,1,1,1,1),(2248,450,NULL,3,0,1,0,1),(2249,450,NULL,4,1,0,0,1),(2250,450,NULL,NULL,0,0,0,0),(2251,451,1,NULL,0,0,1,1),(2252,451,NULL,1,1,1,1,1),(2253,451,NULL,3,0,1,0,1),(2254,451,NULL,4,1,0,0,1),(2255,451,NULL,NULL,0,0,0,0),(2256,452,1,NULL,0,0,1,1),(2257,452,NULL,1,1,1,1,1),(2258,452,NULL,3,0,1,0,1),(2259,452,NULL,4,1,0,0,1),(2260,452,NULL,NULL,0,0,0,0),(2261,453,1,NULL,0,0,1,1),(2262,453,NULL,1,1,1,1,1),(2263,453,NULL,3,0,1,0,1),(2264,453,NULL,4,1,0,0,1),(2265,453,NULL,NULL,0,0,0,0),(2266,454,1,NULL,0,0,1,1),(2267,454,NULL,1,1,1,1,1),(2268,454,NULL,3,0,1,0,1),(2269,454,NULL,4,1,0,0,1),(2270,454,NULL,NULL,0,0,0,0),(2271,455,1,NULL,0,0,1,1),(2272,455,NULL,1,1,1,1,1),(2273,455,NULL,3,0,1,0,1),(2274,455,NULL,4,1,0,0,1),(2275,455,NULL,NULL,0,0,0,0),(2276,456,1,NULL,0,0,1,1),(2277,456,NULL,1,1,1,1,1),(2278,456,NULL,3,0,1,0,1),(2279,456,NULL,4,1,0,0,1),(2280,456,NULL,NULL,0,0,0,0),(2281,457,1,NULL,0,0,1,1),(2282,457,NULL,1,1,1,1,1),(2283,457,NULL,3,0,1,0,1),(2284,457,NULL,4,1,0,0,1),(2285,457,NULL,NULL,0,0,0,0),(2286,458,1,NULL,0,0,1,1),(2287,458,NULL,1,1,1,1,1),(2288,458,NULL,3,0,1,0,1),(2289,458,NULL,4,1,0,0,1),(2290,458,NULL,NULL,0,0,0,0),(2291,459,1,NULL,0,0,1,1),(2292,459,NULL,1,1,1,1,1),(2293,459,NULL,3,0,1,0,1),(2294,459,NULL,4,1,0,0,1),(2295,459,NULL,NULL,0,0,0,0),(2296,460,1,NULL,0,0,1,1),(2297,460,NULL,1,1,1,1,1),(2298,460,NULL,3,0,1,0,1),(2299,460,NULL,4,1,0,0,1),(2300,460,NULL,NULL,0,0,0,0),(2301,461,1,NULL,0,0,1,1),(2302,461,NULL,1,1,1,1,1),(2303,461,NULL,3,0,1,0,1),(2304,461,NULL,4,1,0,0,1),(2305,461,NULL,NULL,0,0,0,0),(2306,462,1,NULL,0,0,1,1),(2307,462,NULL,1,1,1,1,1),(2308,462,NULL,3,0,1,0,1),(2309,462,NULL,4,1,0,0,1),(2310,462,NULL,NULL,0,0,0,0),(2311,463,1,NULL,0,0,1,1),(2312,463,NULL,1,1,1,1,1),(2313,463,NULL,3,0,1,0,1),(2314,463,NULL,4,1,0,0,1),(2315,463,NULL,NULL,0,0,0,0),(2316,464,1,NULL,0,0,1,1),(2317,464,NULL,1,1,1,1,1),(2318,464,NULL,3,0,1,0,1),(2319,464,NULL,4,1,0,0,1),(2320,464,NULL,NULL,0,0,0,0),(2321,465,1,NULL,0,0,1,1),(2322,465,NULL,1,1,1,1,1),(2323,465,NULL,3,0,1,0,1),(2324,465,NULL,4,1,0,0,1),(2325,465,NULL,NULL,0,0,0,0),(2326,466,1,NULL,0,0,1,1),(2327,466,NULL,1,1,1,1,1),(2328,466,NULL,3,0,1,0,1),(2329,466,NULL,4,1,0,0,1),(2330,466,NULL,NULL,0,0,0,0),(2331,467,1,NULL,0,0,1,1),(2332,467,NULL,1,1,1,1,1),(2333,467,NULL,3,0,1,0,1),(2334,467,NULL,4,1,0,0,1),(2335,467,NULL,NULL,0,0,0,0),(2336,468,1,NULL,0,0,1,1),(2337,468,NULL,1,1,1,1,1),(2338,468,NULL,3,0,1,0,1),(2339,468,NULL,4,1,0,0,1),(2340,468,NULL,NULL,0,0,0,0),(2341,469,1,NULL,0,0,1,1),(2342,469,NULL,1,1,1,1,1),(2343,469,NULL,3,0,1,0,1),(2344,469,NULL,4,1,0,0,1),(2345,469,NULL,NULL,0,0,0,0),(2346,470,1,NULL,0,0,1,1),(2347,470,NULL,1,1,1,1,1),(2348,470,NULL,3,0,1,0,1),(2349,470,NULL,4,1,0,0,1),(2350,470,NULL,NULL,0,0,0,0),(2351,471,1,NULL,0,0,1,1),(2352,471,NULL,1,1,1,1,1),(2353,471,NULL,3,0,1,0,1),(2354,471,NULL,4,1,0,0,1),(2355,471,NULL,NULL,0,0,0,0),(2356,472,1,NULL,0,0,1,1),(2357,472,NULL,1,1,1,1,1),(2358,472,NULL,3,0,1,0,1),(2359,472,NULL,4,1,0,0,1),(2360,472,NULL,NULL,0,0,0,0),(2361,473,1,NULL,0,0,1,1),(2362,473,NULL,1,1,1,1,1),(2363,473,NULL,3,0,1,0,1),(2364,473,NULL,4,1,0,0,1),(2365,473,NULL,NULL,0,0,0,0),(2366,474,1,NULL,0,0,1,1),(2367,474,NULL,1,1,1,1,1),(2368,474,NULL,3,0,1,0,1),(2369,474,NULL,4,1,0,0,1),(2370,474,NULL,NULL,0,0,0,0),(2371,475,1,NULL,0,0,1,1),(2372,475,NULL,1,1,1,1,1),(2373,475,NULL,3,0,1,0,1),(2374,475,NULL,4,1,0,0,1),(2375,475,NULL,NULL,0,0,0,0),(2376,476,1,NULL,0,0,1,1),(2377,476,NULL,1,1,1,1,1),(2378,476,NULL,3,0,1,0,1),(2379,476,NULL,4,1,0,0,1),(2380,476,NULL,NULL,0,0,0,0),(2381,477,1,NULL,0,0,1,1),(2382,477,NULL,1,1,1,1,1),(2383,477,NULL,3,0,1,0,1),(2384,477,NULL,4,1,0,0,1),(2385,477,NULL,NULL,0,0,0,0),(2386,478,1,NULL,0,0,1,1),(2387,478,NULL,1,1,1,1,1),(2388,478,NULL,3,0,1,0,1),(2389,478,NULL,4,1,0,0,1),(2390,478,NULL,NULL,0,0,0,0),(2391,479,1,NULL,0,0,1,1),(2392,479,NULL,1,1,1,1,1),(2393,479,NULL,3,0,1,0,1),(2394,479,NULL,4,1,0,0,1),(2395,479,NULL,NULL,0,0,0,0),(2396,480,1,NULL,0,0,1,1),(2397,480,NULL,1,1,1,1,1),(2398,480,NULL,3,0,1,0,1),(2399,480,NULL,4,1,0,0,1),(2400,480,NULL,NULL,0,0,0,0),(2401,481,1,NULL,0,0,1,1),(2402,481,NULL,1,1,1,1,1),(2403,481,NULL,3,0,1,0,1),(2404,481,NULL,4,1,0,0,1),(2405,481,NULL,NULL,0,0,0,0),(2406,482,1,NULL,0,0,1,1),(2407,482,NULL,1,1,1,1,1),(2408,482,NULL,3,0,1,0,1),(2409,482,NULL,4,1,0,0,1),(2410,482,NULL,NULL,0,0,0,0),(2411,483,1,NULL,0,0,1,1),(2412,483,NULL,1,1,1,1,1),(2413,483,NULL,3,0,1,0,1),(2414,483,NULL,4,1,0,0,1),(2415,483,NULL,NULL,0,0,0,0),(2416,484,1,NULL,0,0,1,1),(2417,484,NULL,1,1,1,1,1),(2418,484,NULL,3,0,1,0,1),(2419,484,NULL,4,1,0,0,1),(2420,484,NULL,NULL,0,0,0,0),(2421,485,1,NULL,0,0,1,1),(2422,485,NULL,1,1,1,1,1),(2423,485,NULL,3,0,1,0,1),(2424,485,NULL,4,1,0,0,1),(2425,485,NULL,NULL,0,0,0,0),(2426,486,1,NULL,0,0,1,1),(2427,486,NULL,1,1,1,1,1),(2428,486,NULL,3,0,1,0,1),(2429,486,NULL,4,1,0,0,1),(2430,486,NULL,NULL,0,0,0,0),(2431,487,1,NULL,0,0,1,1),(2432,487,NULL,1,1,1,1,1),(2433,487,NULL,3,0,1,0,1),(2434,487,NULL,4,1,0,0,1),(2435,487,NULL,NULL,0,0,0,0),(2436,32,32,NULL,0,0,0,1),(2437,32,NULL,5,0,0,0,1),(2438,36,36,NULL,0,0,0,1),(2439,36,NULL,5,0,0,0,1),(2440,38,38,NULL,0,0,0,1),(2441,38,NULL,5,0,0,0,1),(2442,39,39,NULL,0,0,0,1),(2443,39,NULL,5,0,0,0,1),(2444,40,40,NULL,0,0,0,1),(2445,40,NULL,5,0,0,0,1),(2446,41,41,NULL,0,0,0,1),(2447,41,NULL,5,0,0,0,1),(2448,42,42,NULL,0,0,0,1),(2449,42,NULL,5,0,0,0,1),(2450,43,43,NULL,0,0,0,1),(2451,43,NULL,5,0,0,0,1),(2452,44,44,NULL,0,0,0,1),(2453,44,NULL,5,0,0,0,1),(2454,45,45,NULL,0,0,0,1),(2455,45,NULL,5,0,0,0,1),(2456,46,46,NULL,0,0,0,1),(2457,46,NULL,5,0,0,0,1),(2458,47,47,NULL,0,0,0,1),(2459,47,NULL,5,0,0,0,1),(2460,58,58,NULL,0,0,0,1),(2461,58,NULL,5,0,0,0,1),(2462,59,59,NULL,0,0,0,1),(2463,59,NULL,5,0,0,0,1),(2464,60,60,NULL,0,0,0,1),(2465,60,NULL,5,0,0,0,1),(2466,35,35,NULL,0,0,0,1),(2467,35,NULL,5,0,0,0,1),(2468,37,37,NULL,0,0,0,1),(2469,37,NULL,5,0,0,0,1),(2470,24,24,NULL,0,0,0,1),(2471,24,NULL,5,0,0,0,1),(2472,25,25,NULL,0,0,0,1),(2473,25,NULL,5,0,0,0,1),(2474,26,26,NULL,0,0,0,1),(2475,26,NULL,5,0,0,0,1),(2476,27,27,NULL,0,0,0,1),(2477,27,NULL,5,0,0,0,1),(2478,28,28,NULL,0,0,0,1),(2479,28,NULL,5,0,0,0,1),(2482,34,34,NULL,0,0,0,1),(2483,34,NULL,5,0,0,0,1),(2484,33,33,NULL,0,0,0,1),(2485,33,NULL,5,0,0,0,1),(2486,31,31,NULL,0,0,0,1),(2487,31,NULL,5,0,0,0,1),(2488,29,29,NULL,0,0,0,1),(2489,29,NULL,5,0,0,0,1),(2490,23,23,NULL,0,0,0,1),(2491,23,NULL,5,0,0,0,1),(2492,22,22,NULL,0,0,0,1),(2493,22,NULL,5,0,0,0,1),(2494,21,21,NULL,0,0,0,1),(2495,21,NULL,5,0,0,0,1),(2496,20,20,NULL,0,0,0,1),(2497,20,NULL,5,0,0,0,1),(2498,19,19,NULL,0,0,0,1),(2499,19,NULL,5,0,0,0,1),(2500,18,18,NULL,0,0,0,1),(2501,18,NULL,5,0,0,0,1),(2502,17,17,NULL,0,0,0,1),(2503,17,NULL,5,0,0,0,1),(2504,16,16,NULL,0,0,0,1),(2505,16,NULL,5,0,0,0,1),(2506,15,15,NULL,0,0,0,1),(2507,15,NULL,5,0,0,0,1),(2508,14,14,NULL,0,0,0,1),(2509,14,NULL,5,0,0,0,1),(2510,12,12,NULL,0,0,0,1),(2511,12,NULL,5,0,0,0,1),(2512,10,10,NULL,0,0,0,1),(2513,10,NULL,5,0,0,0,1),(2514,8,8,NULL,0,0,0,1),(2515,8,NULL,5,0,0,0,1),(2516,7,7,NULL,0,0,0,1),(2517,7,NULL,5,0,0,0,1),(2518,6,6,NULL,0,0,0,1),(2519,6,NULL,5,0,0,0,1),(2520,5,5,NULL,0,0,0,1),(2521,5,NULL,5,0,0,0,1),(2522,4,4,NULL,0,0,0,1),(2523,4,NULL,5,0,0,0,1),(2524,9,9,NULL,0,0,0,1),(2525,9,NULL,5,0,0,0,1),(2526,11,11,NULL,0,0,0,1),(2527,11,NULL,5,0,0,0,1),(2528,13,13,NULL,0,0,0,1),(2529,13,NULL,5,0,0,0,1),(2530,1,1,NULL,0,0,0,1),(2531,1,NULL,5,0,0,0,1),(2532,3,3,NULL,0,0,0,1),(2533,3,NULL,5,0,0,0,1),(2534,2,2,NULL,0,0,0,1),(2535,2,NULL,5,0,0,0,1),(2536,487,487,NULL,0,0,0,1),(2537,487,NULL,5,0,0,0,1),(2538,486,486,NULL,0,0,0,1),(2539,486,NULL,5,0,0,0,1),(2540,485,485,NULL,0,0,0,1),(2541,485,NULL,5,0,0,0,1),(2542,484,484,NULL,0,0,0,1),(2543,484,NULL,5,0,0,0,1),(2544,482,482,NULL,0,0,0,1),(2545,482,NULL,5,0,0,0,1),(2546,481,481,NULL,0,0,0,1),(2547,481,NULL,5,0,0,0,1),(2548,483,483,NULL,0,0,0,1),(2549,483,NULL,5,0,0,0,1);
/*!40000 ALTER TABLE `acl_assets` ENABLE KEYS */;
UNLOCK TABLES;

--
-- Table structure for table `acl_collections`
--

DROP TABLE IF EXISTS `acl_collections`;
/*!40101 SET @saved_cs_client     = @@character_set_client */;
/*!40101 SET character_set_client = utf8 */;
CREATE TABLE `acl_collections` (
  `id_acl` int(11) NOT NULL AUTO_INCREMENT,
  `id` int(11) NOT NULL,
  `user_id` int(11) DEFAULT NULL,
  `role` int(11) DEFAULT NULL,
  `ad` tinyint(1) DEFAULT '0',
  `ed` tinyint(1) DEFAULT '0',
  `rm` tinyint(1) DEFAULT '0',
  `co` tinyint(1) DEFAULT '0',
  PRIMARY KEY (`id_acl`,`id`),
  KEY `fk_acl_asset_collections1` (`id`),
  CONSTRAINT `fk_acl_asset_collections1` FOREIGN KEY (`id`) REFERENCES `collections` (`id`) ON DELETE CASCADE ON UPDATE CASCADE
) ENGINE=InnoDB AUTO_INCREMENT=11 DEFAULT CHARSET=latin1;
/*!40101 SET character_set_client = @saved_cs_client */;

--
-- Dumping data for table `acl_collections`
--

LOCK TABLES `acl_collections` WRITE;
/*!40000 ALTER TABLE `acl_collections` DISABLE KEYS */;
INSERT INTO `acl_collections` VALUES (1,1,1,NULL,1,1,1,1),(2,1,NULL,1,1,1,1,1),(3,1,NULL,NULL,0,0,0,0),(4,1,NULL,5,0,0,0,1),(5,2,1,NULL,1,1,1,1),(6,2,NULL,1,1,1,1,1),(7,2,NULL,NULL,0,0,0,0),(8,3,1,NULL,1,1,1,1),(9,3,NULL,1,1,1,1,1),(10,3,NULL,NULL,0,0,0,0);
/*!40000 ALTER TABLE `acl_collections` ENABLE KEYS */;
UNLOCK TABLES;

--
-- Table structure for table `asset_formats`
--

DROP TABLE IF EXISTS `asset_formats`;
/*!40101 SET @saved_cs_client     = @@character_set_client */;
/*!40101 SET character_set_client = utf8 */;
CREATE TABLE `asset_formats` (
  `source_id` int(11) NOT NULL,
  `target_id` int(11) NOT NULL,
  PRIMARY KEY (`source_id`,`target_id`),
  KEY `fk_asset_formats_assets2` (`source_id`),
  KEY `fk_asset_formats_assets3` (`target_id`),
  CONSTRAINT `fk_asset_formats_assets2` FOREIGN KEY (`source_id`) REFERENCES `assets` (`id`) ON DELETE NO ACTION ON UPDATE NO ACTION,
  CONSTRAINT `fk_asset_formats_assets3` FOREIGN KEY (`target_id`) REFERENCES `assets` (`id`) ON DELETE NO ACTION ON UPDATE NO ACTION
) ENGINE=InnoDB DEFAULT CHARSET=latin1;
/*!40101 SET character_set_client = @saved_cs_client */;

--
-- Dumping data for table `asset_formats`
--

LOCK TABLES `asset_formats` WRITE;
/*!40000 ALTER TABLE `asset_formats` DISABLE KEYS */;
/*!40000 ALTER TABLE `asset_formats` ENABLE KEYS */;
UNLOCK TABLES;

--
-- Table structure for table `asset_types`
--

DROP TABLE IF EXISTS `asset_types`;
/*!40101 SET @saved_cs_client     = @@character_set_client */;
/*!40101 SET character_set_client = utf8 */;
CREATE TABLE `asset_types` (
  `id` int(11) NOT NULL AUTO_INCREMENT,
  `type` varchar(45) DEFAULT NULL,
  PRIMARY KEY (`id`),
  UNIQUE KEY `type_UNIQUE` (`type`)
) ENGINE=InnoDB AUTO_INCREMENT=6 DEFAULT CHARSET=latin1;
/*!40101 SET character_set_client = @saved_cs_client */;

--
-- Dumping data for table `asset_types`
--

LOCK TABLES `asset_types` WRITE;
/*!40000 ALTER TABLE `asset_types` DISABLE KEYS */;
INSERT INTO `asset_types` VALUES (3,'Audio'),(5,'Documento'),(4,'Imagen'),(1,'Misc'),(2,'Video');
/*!40000 ALTER TABLE `asset_types` ENABLE KEYS */;
UNLOCK TABLES;

--
-- Table structure for table `asset_versions`
--

DROP TABLE IF EXISTS `asset_versions`;
/*!40101 SET @saved_cs_client     = @@character_set_client */;
/*!40101 SET character_set_client = utf8 */;
CREATE TABLE `asset_versions` (
  `source_id` int(11) NOT NULL,
  `derivative_id` int(11) NOT NULL,
  PRIMARY KEY (`source_id`,`derivative_id`),
  KEY `fk_asset_versions_assets1` (`source_id`),
  KEY `fk_asset_versions_assets2` (`derivative_id`),
  CONSTRAINT `fk_asset_versions_assets1` FOREIGN KEY (`source_id`) REFERENCES `assets` (`id`) ON DELETE NO ACTION ON UPDATE NO ACTION,
  CONSTRAINT `fk_asset_versions_assets2` FOREIGN KEY (`derivative_id`) REFERENCES `assets` (`id`) ON DELETE NO ACTION ON UPDATE NO ACTION
) ENGINE=InnoDB DEFAULT CHARSET=latin1;
/*!40101 SET character_set_client = @saved_cs_client */;

--
-- Dumping data for table `asset_versions`
--

LOCK TABLES `asset_versions` WRITE;
/*!40000 ALTER TABLE `asset_versions` DISABLE KEYS */;
/*!40000 ALTER TABLE `asset_versions` ENABLE KEYS */;
UNLOCK TABLES;

--
-- Table structure for table `assets`
--

DROP TABLE IF EXISTS `assets`;
/*!40101 SET @saved_cs_client     = @@character_set_client */;
/*!40101 SET character_set_client = utf8 */;
CREATE TABLE `assets` (
  `id` int(11) NOT NULL AUTO_INCREMENT,
  `title` varchar(256) NOT NULL,
  `subject` varchar(45) DEFAULT NULL,
  `publisher_id` int(11) DEFAULT NULL,
  `published_flag` tinyint(1) NOT NULL DEFAULT '0',
  `language` varchar(45) DEFAULT NULL,
  `views` int(11) NOT NULL DEFAULT '0',
  `date_modified` timestamp NULL DEFAULT NULL,
  `date_created` timestamp NOT NULL DEFAULT CURRENT_TIMESTAMP,
  `date_available` timestamp NULL DEFAULT NULL,
  `asset_types_id` int(11) NOT NULL DEFAULT '1',
  `edited_flag` tinyint(1) DEFAULT '0',
  `licenses_id` int(11) NOT NULL,
  `collections_id` int(11) DEFAULT NULL,
  `creator_id` int(11) NOT NULL,
  `version` int(11) DEFAULT '1',
  `description` varchar(8192) DEFAULT NULL,
  PRIMARY KEY (`id`),
  KEY `fk_assets_asset_types1` (`asset_types_id`),
  KEY `fk_assets_licenses1` (`licenses_id`),
  KEY `fk_assets_users1` (`creator_id`),
  CONSTRAINT `fk_assets_asset_types1` FOREIGN KEY (`asset_types_id`) REFERENCES `asset_types` (`id`) ON DELETE CASCADE ON UPDATE CASCADE,
  CONSTRAINT `fk_assets_licenses1` FOREIGN KEY (`licenses_id`) REFERENCES `licenses` (`id`) ON DELETE CASCADE ON UPDATE CASCADE,
  CONSTRAINT `fk_assets_users1` FOREIGN KEY (`creator_id`) REFERENCES `users` (`id`) ON DELETE CASCADE ON UPDATE CASCADE
) ENGINE=InnoDB AUTO_INCREMENT=488 DEFAULT CHARSET=latin1 COMMENT='Asset information';
/*!40101 SET character_set_client = @saved_cs_client */;

--
-- Dumping data for table `assets`
--

LOCK TABLES `assets` WRITE;
/*!40000 ALTER TABLE `assets` DISABLE KEYS */;
INSERT INTO `assets` VALUES (1,'Ajatus','FOSDEM 2008',1,1,'en',2,'0000-00-00 00:00:00','2010-02-25 15:11:04','0000-00-00 00:00:00',2,1,2,NULL,1,5,'Ajatus lightning talk. FOSDEM 2008'),(2,'Blue PAD','FOSDEM 2008',1,1,'en',0,'0000-00-00 00:00:00','2010-02-25 15:12:28','0000-00-00 00:00:00',2,1,2,NULL,1,5,'BluePAD lightning talk. FOSDEM 2008'),(3,'Cloud bridges','FOSDEM 2009',1,1,'en',0,NULL,'2010-02-25 15:13:36','0000-00-00 00:00:00',2,1,2,NULL,1,9,'Cloud bridges lightning talk. FOSDEM 2009'),(4,'Coherence','FOSDEM 2009',1,1,'en',1,NULL,'2010-02-25 15:14:16','0000-00-00 00:00:00',2,1,2,NULL,1,4,'Coherence lightning talk. FOSDEM 2009'),(5,'Dacco','FOSDEM 2008',1,1,'en',4,'0000-00-00 00:00:00','2010-02-25 15:14:56','0000-00-00 00:00:00',2,1,2,NULL,1,3,'Dacco lightning talk. FOSDEM 2008'),(6,'Ganeti','FOSDEM 2008',1,1,'en',2,NULL,'2010-02-25 15:19:30','0000-00-00 00:00:00',2,NULL,2,NULL,1,1,'Ganeti lightning talk. FOSDEM 2008'),(7,'Iongrid','FOSDEM 2008',1,1,'en',0,'0000-00-00 00:00:00','2010-02-25 15:20:05','0000-00-00 00:00:00',2,NULL,2,NULL,1,1,'Iongrid lightning talk. FOSDEM 2008'),(8,'K3D','FOSDEM 2008',1,1,'en',0,NULL,'2010-02-25 15:20:49','0000-00-00 00:00:00',2,NULL,2,NULL,1,1,'K3D lightning talk. FOSDEM 2008'),(9,'Kettle','FOSDEM 2008',1,1,'en',0,NULL,'2010-02-25 15:21:22','0000-00-00 00:00:00',2,NULL,2,NULL,1,1,'Kettle lightning talk. FOSDEM 2008'),(10,'Mamona','FOSDEM 2008',1,1,'en',0,'0000-00-00 00:00:00','2010-02-25 15:22:07','0000-00-00 00:00:00',2,NULL,2,NULL,1,1,'Mamona lightning talk. FOSDEM 2008'),(11,'Apache Felix','FOSDEM 2009',1,1,'en',0,NULL,'2010-02-25 15:28:41','0000-00-00 00:00:00',2,NULL,2,NULL,1,1,'Apache Felix lightning talk, FOSDEM 2009'),(12,'Bazaar','FOSDEM 2009',1,1,'en',0,NULL,'2010-02-25 15:32:31','0000-00-00 00:00:00',2,NULL,2,NULL,1,1,'Bazaar lightning talk, FOSDEM 2009'),(13,'Bug','FOSDEM 2009',1,1,'en',0,NULL,'2010-02-25 15:37:05','0000-00-00 00:00:00',2,NULL,2,NULL,1,1,'Bug lightning talk, FOSDEM 2009 '),(14,'Camelot','FOSDEM 2009',1,1,'en',0,NULL,'2010-02-25 15:37:40','0000-00-00 00:00:00',2,NULL,5,NULL,1,1,'Camelot  lightning talk, FOSDEM 2009'),(15,'Game Engines done right','FOSDEM 2009',1,1,'en',1,NULL,'2010-02-25 15:38:18','0000-00-00 00:00:00',2,NULL,6,NULL,1,1,'Game engine  lightning talk, FOSDEM 2009'),(16,'JTR','FOSDEM 2009',1,1,'en',0,NULL,'2010-02-25 15:39:13','0000-00-00 00:00:00',2,NULL,2,NULL,1,1,'JTR  lightning talk, FOSDEM 2009'),(17,'Linux defenders','FOSDEM 2009',1,1,'en',0,NULL,'2010-02-25 15:39:48','0000-00-00 00:00:00',2,NULL,9,NULL,1,1,'Linux  lightning talk, FOSDEM 2009'),(18,'LXDE','FOSDEM 2009',1,1,'en',1,NULL,'2010-02-25 15:40:17','0000-00-00 00:00:00',2,1,2,NULL,1,2,'LXDE  lightning talk, FOSDEM 2009'),(19,'Civi CRM','FOSDEM 2010',1,1,'en',0,NULL,'2010-02-25 15:41:54','0000-00-00 00:00:00',2,NULL,3,NULL,1,1,'Civi  lightning talk, FOSDEM 2010'),(20,'Portable Apps','FOSDEM 2010',1,1,'en',0,NULL,'2010-02-25 15:42:30','0000-00-00 00:00:00',2,NULL,4,NULL,1,1,'Portable Apps   lightning talk, FOSDEM 2010'),(21,'Cloudlets','FOSDEM 2010',1,1,'en',0,'0000-00-00 00:00:00','2010-02-25 15:44:56','0000-00-00 00:00:00',2,1,6,NULL,1,3,'Cloudlets   lightning talk, FOSDEM 2010'),(22,'Open PCF','FOSDEM 2010',1,1,'en',0,NULL,'2010-02-25 15:46:12','0000-00-00 00:00:00',2,NULL,8,NULL,1,1,'Open PCF   lightning talk, FOSDEM 2010'),(23,'WTDBO','FOSDEM 2010',1,1,'en',0,NULL,'2010-02-25 16:11:31','0000-00-00 00:00:00',2,NULL,5,NULL,1,1,'WTDBO lightning tal, FOSDEM 2010'),(24,'Savannah','FOSDEM',1,1,'en',0,NULL,'2010-02-25 16:27:44','0000-00-00 00:00:00',2,NULL,3,NULL,1,1,'Savannah lightning talk, FOSDEM 2010'),(25,'Nanonote','FOSDEM 2010',1,1,'en',0,NULL,'2010-02-25 16:31:53','0000-00-00 00:00:00',2,NULL,5,NULL,1,1,'Nanonte lightning talk, FOSDEM 2010'),(26,'Tinc','FOSDEM 2010',1,1,'en',0,NULL,'2010-02-25 16:33:01','0000-00-00 00:00:00',2,NULL,7,NULL,1,1,'Tinc  lightning talk, FOSDEM 2010'),(27,'Kmailio','FOSDEM 2010',1,1,'en',0,NULL,'2010-02-25 16:34:08','0000-00-00 00:00:00',2,NULL,9,NULL,1,1,'Kmailio lightning talk'),(28,'Csync','FOSDEM 2010',1,1,'en',0,NULL,'2010-02-25 16:35:25','0000-00-00 00:00:00',2,NULL,4,1,1,1,'Csync  lightning talk, FOSDEM 2010'),(29,'Sync Evolution','FOSDEM 2010',1,1,'en',0,'0000-00-00 00:00:00','2010-02-25 16:35:58','0000-00-00 00:00:00',2,NULL,3,1,1,1,'Sync Evolution  lightning talk, FOSDEM 2010'),(31,'Ilusin ptica','Ilusiones',1,1,'es',0,'0000-00-00 00:00:00','2010-02-26 17:18:40','0000-00-00 00:00:00',2,1,1,NULL,1,3,'Ilusin ptica con patrones fractales'),(32,'Epoq','Tunes',1,1,'en',0,'0000-00-00 00:00:00','2010-02-26 17:19:53','0000-00-00 00:00:00',3,1,1,NULL,1,2,'Epoq - Lepidoptera tune'),(33,'Fashion','Agencia EFE',1,1,'es',0,NULL,'2010-02-26 18:01:09','0000-00-00 00:00:00',2,NULL,1,NULL,1,1,'Fashion EEEEE'),(34,'Ford Ka','Commercial',1,1,'en',0,NULL,'2010-02-26 18:02:56','0000-00-00 00:00:00',2,NULL,1,NULL,1,1,'Car commercial'),(35,'Penguins','Tests',1,1,'en',0,NULL,'2010-02-26 18:03:39','0000-00-00 00:00:00',2,NULL,8,NULL,1,1,'Guillemot Theora conversion test'),(36,'PR Scott','Music',1,1,'en',0,NULL,'2010-02-26 18:04:23','0000-00-00 00:00:00',3,NULL,1,NULL,1,1,'PR Scott MP3 tune'),(37,'EXT4','FOSDEM',1,1,'en',0,NULL,'2010-03-02 14:13:59','0000-00-00 00:00:00',2,NULL,2,NULL,1,1,'EXT4 talk at FOSDEM'),(38,'ALOI 1','Science',1,1,'en',0,NULL,'2010-03-03 10:07:35','0000-00-00 00:00:00',4,NULL,7,2,1,1,'Amsterdam Library of Object Images'),(39,'ALOI 1','Science',1,1,'en',0,NULL,'2010-03-03 10:07:35','0000-00-00 00:00:00',4,NULL,7,2,1,1,'Amsterdam Library of Object Images'),(40,'ALOI 1','Science',1,1,'en',0,NULL,'2010-03-03 10:07:35','0000-00-00 00:00:00',4,NULL,7,2,1,1,'Amsterdam Library of Object Images'),(41,'ALOI 1','Science',1,1,'en',0,NULL,'2010-03-03 10:07:36','0000-00-00 00:00:00',4,NULL,7,2,1,1,'Amsterdam Library of Object Images'),(42,'ALOI 1','Science',1,1,'en',0,NULL,'2010-03-03 10:07:36','0000-00-00 00:00:00',4,NULL,7,2,1,1,'Amsterdam Library of Object Images'),(43,'ALOI 1','Science',1,1,'en',0,NULL,'2010-03-03 10:07:37','0000-00-00 00:00:00',4,NULL,7,2,1,1,'Amsterdam Library of Object Images'),(44,'ALOI 1','Science',1,1,'en',0,NULL,'2010-03-03 10:07:37','0000-00-00 00:00:00',4,NULL,7,2,1,1,'Amsterdam Library of Object Images'),(45,'ALOI 1','Science',1,1,'en',0,NULL,'2010-03-03 10:07:37','0000-00-00 00:00:00',4,NULL,7,2,1,1,'Amsterdam Library of Object Images'),(46,'ALOI 1','Science',1,1,'en',0,NULL,'2010-03-03 10:07:38','0000-00-00 00:00:00',4,NULL,7,2,1,1,'Amsterdam Library of Object Images'),(47,'ALOI 1','Science',1,1,'en',0,NULL,'2010-03-03 10:07:38','0000-00-00 00:00:00',4,NULL,7,2,1,1,'Amsterdam Library of Object Images'),(48,'ALOI 1','Science',NULL,0,'en',0,NULL,'2010-03-03 10:07:38',NULL,4,0,7,2,1,1,'Amsterdam Library of Object Images'),(49,'ALOI 1','Science',NULL,0,'en',0,NULL,'2010-03-03 10:07:39',NULL,4,0,7,2,1,1,'Amsterdam Library of Object Images'),(50,'ALOI 1','Science',NULL,0,'en',0,NULL,'2010-03-03 10:07:39',NULL,4,0,7,2,1,1,'Amsterdam Library of Object Images'),(51,'ALOI 1','Science',NULL,0,'en',0,NULL,'2010-03-03 10:07:39',NULL,4,0,7,2,1,1,'Amsterdam Library of Object Images'),(52,'ALOI 1','Science',NULL,0,'en',0,NULL,'2010-03-03 10:07:39',NULL,4,0,7,2,1,1,'Amsterdam Library of Object Images'),(53,'ALOI 1','Science',NULL,0,'en',0,NULL,'2010-03-03 10:07:40',NULL,4,0,7,2,1,1,'Amsterdam Library of Object Images'),(54,'ALOI 1','Science',NULL,0,'en',0,NULL,'2010-03-03 10:07:40',NULL,4,0,7,2,1,1,'Amsterdam Library of Object Images'),(55,'ALOI 1','Science',NULL,0,'en',0,NULL,'2010-03-03 10:07:40',NULL,4,0,7,2,1,1,'Amsterdam Library of Object Images'),(56,'ALOI 1','Science',NULL,0,'en',0,NULL,'2010-03-03 10:07:41',NULL,4,0,7,2,1,1,'Amsterdam Library of Object Images'),(57,'ALOI 1','Science',NULL,0,'en',0,NULL,'2010-03-03 10:07:41',NULL,4,0,7,2,1,1,'Amsterdam Library of Object Images'),(58,'ALOI 1','Science',1,1,'en',0,NULL,'2010-03-03 10:07:41','0000-00-00 00:00:00',4,NULL,7,2,1,1,'Amsterdam Library of Object Images'),(59,'ALOI 1','Science',1,1,'en',0,NULL,'2010-03-03 10:07:43','0000-00-00 00:00:00',4,NULL,7,2,1,1,'Amsterdam Library of Object Images'),(60,'ALOI 1','Science',1,1,'en',0,NULL,'2010-03-03 10:07:43','0000-00-00 00:00:00',4,NULL,7,2,1,1,'Amsterdam Library of Object Images'),(61,'ALOI 1','Science',NULL,0,'en',0,NULL,'2010-03-03 10:07:44',NULL,4,0,7,2,1,1,'Amsterdam Library of Object Images'),(62,'ALOI 1','Science',NULL,0,'en',0,NULL,'2010-03-03 10:07:44',NULL,4,0,7,2,1,1,'Amsterdam Library of Object Images'),(63,'ALOI 1','Science',NULL,0,'en',0,NULL,'2010-03-03 10:07:44',NULL,4,0,7,2,1,1,'Amsterdam Library of Object Images'),(64,'ALOI 1','Science',NULL,0,'en',0,NULL,'2010-03-03 10:07:45',NULL,4,0,7,2,1,1,'Amsterdam Library of Object Images'),(65,'ALOI 1','Science',NULL,0,'en',0,NULL,'2010-03-03 10:07:45',NULL,4,0,7,2,1,1,'Amsterdam Library of Object Images'),(66,'ALOI 1','Science',NULL,0,'en',0,NULL,'2010-03-03 10:07:46',NULL,4,0,7,2,1,1,'Amsterdam Library of Object Images'),(67,'ALOI 1','Science',NULL,0,'en',0,NULL,'2010-03-03 10:07:46',NULL,4,0,7,2,1,1,'Amsterdam Library of Object Images'),(68,'ALOI 1','Science',NULL,0,'en',0,NULL,'2010-03-03 10:07:46',NULL,4,0,7,2,1,1,'Amsterdam Library of Object Images'),(69,'ALOI 1','Science',NULL,0,'en',0,NULL,'2010-03-03 10:07:47',NULL,4,0,7,2,1,1,'Amsterdam Library of Object Images'),(70,'ALOI 1','Science',NULL,0,'en',0,NULL,'2010-03-03 10:07:47',NULL,4,0,7,2,1,1,'Amsterdam Library of Object Images'),(71,'ALOI 1','Science',NULL,0,'en',0,NULL,'2010-03-03 10:07:48',NULL,4,0,7,2,1,1,'Amsterdam Library of Object Images'),(72,'ALOI 1','Science',NULL,0,'en',0,NULL,'2010-03-03 10:07:48',NULL,4,0,7,2,1,1,'Amsterdam Library of Object Images'),(73,'ALOI 1','Science',NULL,0,'en',0,NULL,'2010-03-03 10:07:48',NULL,4,0,7,2,1,1,'Amsterdam Library of Object Images'),(74,'ALOI 1','Science',NULL,0,'en',0,NULL,'2010-03-03 10:07:48',NULL,4,0,7,2,1,1,'Amsterdam Library of Object Images'),(75,'ALOI 1','Science',NULL,0,'en',0,NULL,'2010-03-03 10:07:49',NULL,4,0,7,2,1,1,'Amsterdam Library of Object Images'),(76,'ALOI 1','Science',NULL,0,'en',0,NULL,'2010-03-03 10:07:49',NULL,4,0,7,2,1,1,'Amsterdam Library of Object Images'),(77,'ALOI 1','Science',NULL,0,'en',0,NULL,'2010-03-03 10:07:49',NULL,4,0,7,2,1,1,'Amsterdam Library of Object Images'),(78,'ALOI 1','Science',NULL,0,'en',0,NULL,'2010-03-03 10:07:50',NULL,4,0,7,2,1,1,'Amsterdam Library of Object Images'),(79,'ALOI 1','Science',NULL,0,'en',0,NULL,'2010-03-03 10:07:50',NULL,4,0,7,2,1,1,'Amsterdam Library of Object Images'),(80,'ALOI 1','Science',NULL,0,'en',0,NULL,'2010-03-03 10:07:50',NULL,4,0,7,2,1,1,'Amsterdam Library of Object Images'),(81,'ALOI 1','Science',NULL,0,'en',0,NULL,'2010-03-03 10:07:51',NULL,4,0,7,2,1,1,'Amsterdam Library of Object Images'),(82,'ALOI 1','Science',NULL,0,'en',0,NULL,'2010-03-03 10:07:51',NULL,4,0,7,2,1,1,'Amsterdam Library of Object Images'),(83,'ALOI 1','Science',NULL,0,'en',0,NULL,'2010-03-03 10:07:51',NULL,4,0,7,2,1,1,'Amsterdam Library of Object Images'),(84,'ALOI 1','Science',NULL,0,'en',0,NULL,'2010-03-03 10:07:52',NULL,4,0,7,2,1,1,'Amsterdam Library of Object Images'),(85,'ALOI 1','Science',NULL,0,'en',0,NULL,'2010-03-03 10:07:52',NULL,4,0,7,2,1,1,'Amsterdam Library of Object Images'),(86,'ALOI 1','Science',NULL,0,'en',0,NULL,'2010-03-03 10:07:52',NULL,4,0,7,2,1,1,'Amsterdam Library of Object Images'),(87,'ALOI 1','Science',NULL,0,'en',0,NULL,'2010-03-03 10:07:53',NULL,4,0,7,2,1,1,'Amsterdam Library of Object Images'),(88,'ALOI 1','Science',NULL,0,'en',0,NULL,'2010-03-03 10:07:53',NULL,4,0,7,2,1,1,'Amsterdam Library of Object Images'),(89,'ALOI 1','Science',NULL,0,'en',0,NULL,'2010-03-03 10:07:53',NULL,4,0,7,2,1,1,'Amsterdam Library of Object Images'),(90,'ALOI 1','Science',NULL,0,'en',0,NULL,'2010-03-03 10:07:53',NULL,4,0,7,2,1,1,'Amsterdam Library of Object Images'),(91,'ALOI 1','Science',NULL,0,'en',0,NULL,'2010-03-03 10:07:54',NULL,4,0,7,2,1,1,'Amsterdam Library of Object Images'),(92,'ALOI 1','Science',NULL,0,'en',0,NULL,'2010-03-03 10:07:54',NULL,4,0,7,2,1,1,'Amsterdam Library of Object Images'),(93,'ALOI 1','Science',NULL,0,'en',0,NULL,'2010-03-03 10:07:54',NULL,4,0,7,2,1,1,'Amsterdam Library of Object Images'),(94,'ALOI 1','Science',NULL,0,'en',0,NULL,'2010-03-03 10:07:55',NULL,4,0,7,2,1,1,'Amsterdam Library of Object Images'),(95,'ALOI 1','Science',NULL,0,'en',0,NULL,'2010-03-03 10:07:55',NULL,4,0,7,2,1,1,'Amsterdam Library of Object Images'),(96,'ALOI 1','Science',NULL,0,'en',0,NULL,'2010-03-03 10:07:55',NULL,4,0,7,2,1,1,'Amsterdam Library of Object Images'),(97,'ALOI 1','Science',NULL,0,'en',0,NULL,'2010-03-03 10:07:56',NULL,4,0,7,2,1,1,'Amsterdam Library of Object Images'),(98,'ALOI 1','Science',NULL,0,'en',0,NULL,'2010-03-03 10:07:56',NULL,4,0,7,2,1,1,'Amsterdam Library of Object Images'),(99,'ALOI 1','Science',NULL,0,'en',0,NULL,'2010-03-03 10:07:57',NULL,4,0,7,2,1,1,'Amsterdam Library of Object Images'),(100,'ALOI 1','Science',NULL,0,'en',0,NULL,'2010-03-03 10:07:57',NULL,4,0,7,2,1,1,'Amsterdam Library of Object Images'),(101,'ALOI 1','Science',NULL,0,'en',0,NULL,'2010-03-03 10:07:57',NULL,4,0,7,2,1,1,'Amsterdam Library of Object Images'),(102,'ALOI 1','Science',NULL,0,'en',0,NULL,'2010-03-03 10:07:57',NULL,4,0,7,2,1,1,'Amsterdam Library of Object Images'),(103,'ALOI 1','Science',NULL,0,'en',0,NULL,'2010-03-03 10:07:58',NULL,4,0,7,2,1,1,'Amsterdam Library of Object Images'),(104,'ALOI 1','Science',NULL,0,'en',0,NULL,'2010-03-03 10:07:58',NULL,4,0,7,2,1,1,'Amsterdam Library of Object Images'),(105,'ALOI 1','Science',NULL,0,'en',0,NULL,'2010-03-03 10:07:58',NULL,4,0,7,2,1,1,'Amsterdam Library of Object Images'),(106,'ALOI 1','Science',NULL,0,'en',0,NULL,'2010-03-03 10:07:59',NULL,4,0,7,2,1,1,'Amsterdam Library of Object Images'),(107,'ALOI 1','Science',NULL,0,'en',0,NULL,'2010-03-03 10:07:59',NULL,4,0,7,2,1,1,'Amsterdam Library of Object Images'),(108,'ALOI 1','Science',NULL,0,'en',0,NULL,'2010-03-03 10:07:59',NULL,4,0,7,2,1,1,'Amsterdam Library of Object Images'),(109,'ALOI 1','Science',NULL,0,'en',0,NULL,'2010-03-03 10:08:00',NULL,4,0,7,2,1,1,'Amsterdam Library of Object Images'),(110,'ALOI 1','Science',NULL,0,'en',0,NULL,'2010-03-03 10:08:00',NULL,4,0,7,2,1,1,'Amsterdam Library of Object Images'),(111,'ALOI 1','Science',NULL,0,'en',0,NULL,'2010-03-03 10:08:00',NULL,4,0,7,2,1,1,'Amsterdam Library of Object Images'),(112,'ALOI 1','Science',NULL,0,'en',0,NULL,'2010-03-03 10:08:01',NULL,4,0,7,2,1,1,'Amsterdam Library of Object Images'),(113,'ALOI 1','Science',NULL,0,'en',0,NULL,'2010-03-03 10:08:01',NULL,4,0,7,2,1,1,'Amsterdam Library of Object Images'),(114,'ALOI 1','Science',NULL,0,'en',0,NULL,'2010-03-03 10:08:01',NULL,4,0,7,2,1,1,'Amsterdam Library of Object Images'),(115,'ALOI 1','Science',NULL,0,'en',0,NULL,'2010-03-03 10:08:01',NULL,4,0,7,2,1,1,'Amsterdam Library of Object Images'),(116,'ALOI 1','Science',NULL,0,'en',0,NULL,'2010-03-03 10:08:02',NULL,4,0,7,2,1,1,'Amsterdam Library of Object Images'),(117,'ALOI 1','Science',NULL,0,'en',0,NULL,'2010-03-03 10:08:03',NULL,4,0,7,2,1,1,'Amsterdam Library of Object Images'),(118,'ALOI 1','Science',NULL,0,'en',0,NULL,'2010-03-03 10:08:03',NULL,4,0,7,2,1,1,'Amsterdam Library of Object Images'),(119,'ALOI 1','Science',NULL,0,'en',0,NULL,'2010-03-03 10:08:03',NULL,4,0,7,2,1,1,'Amsterdam Library of Object Images'),(120,'ALOI 1','Science',NULL,0,'en',0,NULL,'2010-03-03 10:08:03',NULL,4,0,7,2,1,1,'Amsterdam Library of Object Images'),(121,'ALOI 1','Science',NULL,0,'en',0,NULL,'2010-03-03 10:08:04',NULL,4,0,7,2,1,1,'Amsterdam Library of Object Images'),(122,'ALOI 1','Science',NULL,0,'en',0,NULL,'2010-03-03 10:08:04',NULL,4,0,7,2,1,1,'Amsterdam Library of Object Images'),(123,'ALOI 1','Science',NULL,0,'en',0,NULL,'2010-03-03 10:08:04',NULL,4,0,7,2,1,1,'Amsterdam Library of Object Images'),(124,'ALOI 1','Science',NULL,0,'en',0,NULL,'2010-03-03 10:08:05',NULL,4,0,7,2,1,1,'Amsterdam Library of Object Images'),(125,'ALOI 1','Science',NULL,0,'en',0,NULL,'2010-03-03 10:08:05',NULL,4,0,7,2,1,1,'Amsterdam Library of Object Images'),(126,'ALOI 1','Science',NULL,0,'en',0,NULL,'2010-03-03 10:08:05',NULL,4,0,7,2,1,1,'Amsterdam Library of Object Images'),(127,'ALOI 1','Science',NULL,0,'en',0,NULL,'2010-03-03 10:08:05',NULL,4,0,7,2,1,1,'Amsterdam Library of Object Images'),(128,'ALOI 1','Science',NULL,0,'en',0,NULL,'2010-03-03 10:08:06',NULL,4,0,7,2,1,1,'Amsterdam Library of Object Images'),(129,'ALOI 1','Science',NULL,0,'en',0,NULL,'2010-03-03 10:08:06',NULL,4,0,7,2,1,1,'Amsterdam Library of Object Images'),(130,'ALOI 1','Science',NULL,0,'en',0,NULL,'2010-03-03 10:08:07',NULL,4,0,7,2,1,1,'Amsterdam Library of Object Images'),(131,'ALOI 1','Science',NULL,0,'en',0,NULL,'2010-03-03 10:08:07',NULL,4,0,7,2,1,1,'Amsterdam Library of Object Images'),(132,'ALOI 1','Science',NULL,0,'en',0,NULL,'2010-03-03 10:08:08',NULL,4,0,7,2,1,1,'Amsterdam Library of Object Images'),(133,'ALOI 1','Science',NULL,0,'en',0,NULL,'2010-03-03 10:08:08',NULL,4,0,7,2,1,1,'Amsterdam Library of Object Images'),(134,'ALOI 1','Science',NULL,0,'en',0,NULL,'2010-03-03 10:08:08',NULL,4,0,7,2,1,1,'Amsterdam Library of Object Images'),(135,'ALOI 1','Science',NULL,0,'en',0,NULL,'2010-03-03 10:08:09',NULL,4,0,7,2,1,1,'Amsterdam Library of Object Images'),(136,'ALOI 1','Science',NULL,0,'en',0,NULL,'2010-03-03 10:08:09',NULL,4,0,7,2,1,1,'Amsterdam Library of Object Images'),(137,'ALOI 1','Science',NULL,0,'en',0,NULL,'2010-03-03 10:08:09',NULL,4,0,7,2,1,1,'Amsterdam Library of Object Images'),(138,'ALOI 1','Science',NULL,0,'en',0,NULL,'2010-03-03 10:08:10',NULL,4,0,7,2,1,1,'Amsterdam Library of Object Images'),(139,'ALOI 1','Science',NULL,0,'en',0,NULL,'2010-03-03 10:08:10',NULL,4,0,7,2,1,1,'Amsterdam Library of Object Images'),(140,'ALOI 1','Science',NULL,0,'en',0,NULL,'2010-03-03 10:08:10',NULL,4,0,7,2,1,1,'Amsterdam Library of Object Images'),(141,'ALOI 1','Science',NULL,0,'en',0,NULL,'2010-03-03 10:08:11',NULL,4,0,7,2,1,1,'Amsterdam Library of Object Images'),(142,'ALOI 1','Science',NULL,0,'en',0,NULL,'2010-03-03 10:08:11',NULL,4,0,7,2,1,1,'Amsterdam Library of Object Images'),(143,'ALOI 1','Science',NULL,0,'en',0,NULL,'2010-03-03 10:08:11',NULL,4,0,7,2,1,1,'Amsterdam Library of Object Images'),(144,'ALOI 1','Science',NULL,0,'en',0,NULL,'2010-03-03 10:08:12',NULL,4,0,7,2,1,1,'Amsterdam Library of Object Images'),(145,'ALOI 1','Science',NULL,0,'en',0,NULL,'2010-03-03 10:08:12',NULL,4,0,7,2,1,1,'Amsterdam Library of Object Images'),(146,'ALOI 1','Science',NULL,0,'en',0,NULL,'2010-03-03 10:08:12',NULL,4,0,7,2,1,1,'Amsterdam Library of Object Images'),(147,'ALOI 1','Science',NULL,0,'en',0,NULL,'2010-03-03 10:08:13',NULL,4,0,7,2,1,1,'Amsterdam Library of Object Images'),(148,'ALOI 1','Science',NULL,0,'en',0,NULL,'2010-03-03 10:08:13',NULL,4,0,7,2,1,1,'Amsterdam Library of Object Images'),(149,'ALOI 1','Science',NULL,0,'en',0,NULL,'2010-03-03 10:08:13',NULL,4,0,7,2,1,1,'Amsterdam Library of Object Images'),(150,'ALOI 1','Science',NULL,0,'en',0,NULL,'2010-03-03 10:08:14',NULL,4,0,7,2,1,1,'Amsterdam Library of Object Images'),(151,'ALOI 1','Science',NULL,0,'en',0,NULL,'2010-03-03 10:08:14',NULL,4,0,7,2,1,1,'Amsterdam Library of Object Images'),(152,'ALOI 1','Science',NULL,0,'en',0,NULL,'2010-03-03 10:08:15',NULL,4,0,7,2,1,1,'Amsterdam Library of Object Images'),(153,'ALOI 1','Science',NULL,0,'en',0,NULL,'2010-03-03 10:08:15',NULL,4,0,7,2,1,1,'Amsterdam Library of Object Images'),(154,'ALOI 1','Science',NULL,0,'en',0,NULL,'2010-03-03 10:08:15',NULL,4,0,7,2,1,1,'Amsterdam Library of Object Images'),(155,'ALOI 1','Science',NULL,0,'en',0,NULL,'2010-03-03 10:08:15',NULL,4,0,7,2,1,1,'Amsterdam Library of Object Images'),(156,'ALOI 1','Science',NULL,0,'en',0,NULL,'2010-03-03 10:08:16',NULL,4,0,7,2,1,1,'Amsterdam Library of Object Images'),(157,'ALOI 1','Science',NULL,0,'en',0,NULL,'2010-03-03 10:08:16',NULL,4,0,7,2,1,1,'Amsterdam Library of Object Images'),(158,'ALOI 1','Science',NULL,0,'en',0,NULL,'2010-03-03 10:08:16',NULL,4,0,7,2,1,1,'Amsterdam Library of Object Images'),(159,'ALOI 1','Science',NULL,0,'en',0,NULL,'2010-03-03 10:08:17',NULL,4,0,7,2,1,1,'Amsterdam Library of Object Images'),(160,'ALOI 1','Science',NULL,0,'en',0,NULL,'2010-03-03 10:08:17',NULL,4,0,7,2,1,1,'Amsterdam Library of Object Images'),(161,'ALOI 1','Science',NULL,0,'en',0,NULL,'2010-03-03 10:08:18',NULL,4,0,7,2,1,1,'Amsterdam Library of Object Images'),(162,'ALOI 1','Science',NULL,0,'en',0,NULL,'2010-03-03 10:08:18',NULL,4,0,7,2,1,1,'Amsterdam Library of Object Images'),(163,'ALOI 1','Science',NULL,0,'en',0,NULL,'2010-03-03 10:08:18',NULL,4,0,7,2,1,1,'Amsterdam Library of Object Images'),(164,'ALOI 1','Science',NULL,0,'en',0,NULL,'2010-03-03 10:08:19',NULL,4,0,7,2,1,1,'Amsterdam Library of Object Images'),(165,'ALOI 1','Science',NULL,0,'en',0,NULL,'2010-03-03 10:08:19',NULL,4,0,7,2,1,1,'Amsterdam Library of Object Images'),(166,'ALOI 1','Science',NULL,0,'en',0,NULL,'2010-03-03 10:08:19',NULL,4,0,7,2,1,1,'Amsterdam Library of Object Images'),(167,'ALOI 1','Science',NULL,0,'en',0,NULL,'2010-03-03 10:08:20',NULL,4,0,7,2,1,1,'Amsterdam Library of Object Images'),(168,'ALOI 1','Science',NULL,0,'en',0,NULL,'2010-03-03 10:08:20',NULL,4,0,7,2,1,1,'Amsterdam Library of Object Images'),(169,'ALOI 1','Science',NULL,0,'en',0,NULL,'2010-03-03 10:08:20',NULL,4,0,7,2,1,1,'Amsterdam Library of Object Images'),(170,'ALOI 1','Science',NULL,0,'en',0,NULL,'2010-03-03 10:08:20',NULL,4,0,7,2,1,1,'Amsterdam Library of Object Images'),(171,'ALOI 1','Science',NULL,0,'en',0,NULL,'2010-03-03 10:08:21',NULL,4,0,7,2,1,1,'Amsterdam Library of Object Images'),(172,'ALOI 1','Science',NULL,0,'en',0,NULL,'2010-03-03 10:08:21',NULL,4,0,7,2,1,1,'Amsterdam Library of Object Images'),(173,'ALOI 1','Science',NULL,0,'en',0,NULL,'2010-03-03 10:08:22',NULL,4,0,7,2,1,1,'Amsterdam Library of Object Images'),(174,'ALOI 1','Science',NULL,0,'en',0,NULL,'2010-03-03 10:08:22',NULL,4,0,7,2,1,1,'Amsterdam Library of Object Images'),(175,'ALOI 1','Science',NULL,0,'en',0,NULL,'2010-03-03 10:08:22',NULL,4,0,7,2,1,1,'Amsterdam Library of Object Images'),(176,'ALOI 1','Science',NULL,0,'en',0,NULL,'2010-03-03 10:08:23',NULL,4,0,7,2,1,1,'Amsterdam Library of Object Images'),(177,'ALOI 1','Science',NULL,0,'en',0,NULL,'2010-03-03 10:08:23',NULL,4,0,7,2,1,1,'Amsterdam Library of Object Images'),(178,'ALOI 1','Science',NULL,0,'en',0,NULL,'2010-03-03 10:08:23',NULL,4,0,7,2,1,1,'Amsterdam Library of Object Images'),(179,'ALOI 1','Science',NULL,0,'en',0,NULL,'2010-03-03 10:08:24',NULL,4,0,7,2,1,1,'Amsterdam Library of Object Images'),(180,'ALOI 1','Science',NULL,0,'en',0,NULL,'2010-03-03 10:08:24',NULL,4,0,7,2,1,1,'Amsterdam Library of Object Images'),(181,'ALOI 1','Science',NULL,0,'en',0,NULL,'2010-03-03 10:08:24',NULL,4,0,7,2,1,1,'Amsterdam Library of Object Images'),(182,'ALOI 1','Science',NULL,0,'en',0,NULL,'2010-03-03 10:08:24',NULL,4,0,7,2,1,1,'Amsterdam Library of Object Images'),(183,'ALOI 1','Science',NULL,0,'en',0,NULL,'2010-03-03 10:08:25',NULL,4,0,7,2,1,1,'Amsterdam Library of Object Images'),(184,'ALOI 1','Science',NULL,0,'en',0,NULL,'2010-03-03 10:08:25',NULL,4,0,7,2,1,1,'Amsterdam Library of Object Images'),(185,'ALOI 1','Science',NULL,0,'en',0,NULL,'2010-03-03 10:08:25',NULL,4,0,7,2,1,1,'Amsterdam Library of Object Images'),(186,'ALOI 1','Science',NULL,0,'en',0,NULL,'2010-03-03 10:08:26',NULL,4,0,7,2,1,1,'Amsterdam Library of Object Images'),(187,'ALOI 1','Science',NULL,0,'en',0,NULL,'2010-03-03 10:08:26',NULL,4,0,7,2,1,1,'Amsterdam Library of Object Images'),(188,'ALOI 1','Science',NULL,0,'en',0,NULL,'2010-03-03 10:08:26',NULL,4,0,7,2,1,1,'Amsterdam Library of Object Images'),(189,'ALOI 1','Science',NULL,0,'en',0,NULL,'2010-03-03 10:08:26',NULL,4,0,7,2,1,1,'Amsterdam Library of Object Images'),(190,'ALOI 1','Science',NULL,0,'en',0,NULL,'2010-03-03 10:08:27',NULL,4,0,7,2,1,1,'Amsterdam Library of Object Images'),(191,'ALOI 1','Science',NULL,0,'en',0,NULL,'2010-03-03 10:08:27',NULL,4,0,7,2,1,1,'Amsterdam Library of Object Images'),(192,'ALOI 1','Science',NULL,0,'en',0,NULL,'2010-03-03 10:08:28',NULL,4,0,7,2,1,1,'Amsterdam Library of Object Images'),(193,'ALOI 1','Science',NULL,0,'en',0,NULL,'2010-03-03 10:08:28',NULL,4,0,7,2,1,1,'Amsterdam Library of Object Images'),(194,'ALOI 1','Science',NULL,0,'en',0,NULL,'2010-03-03 10:08:28',NULL,4,0,7,2,1,1,'Amsterdam Library of Object Images'),(195,'ALOI 1','Science',NULL,0,'en',0,NULL,'2010-03-03 10:08:28',NULL,4,0,7,2,1,1,'Amsterdam Library of Object Images'),(196,'ALOI 1','Science',NULL,0,'en',0,NULL,'2010-03-03 10:08:29',NULL,4,0,7,2,1,1,'Amsterdam Library of Object Images'),(197,'ALOI 1','Science',NULL,0,'en',0,NULL,'2010-03-03 10:08:29',NULL,4,0,7,2,1,1,'Amsterdam Library of Object Images'),(198,'ALOI 1','Science',NULL,0,'en',0,NULL,'2010-03-03 10:08:29',NULL,4,0,7,2,1,1,'Amsterdam Library of Object Images'),(199,'ALOI 1','Science',NULL,0,'en',0,NULL,'2010-03-03 10:08:30',NULL,4,0,7,2,1,1,'Amsterdam Library of Object Images'),(200,'ALOI 1','Science',NULL,0,'en',0,NULL,'2010-03-03 10:08:30',NULL,4,0,7,2,1,1,'Amsterdam Library of Object Images'),(201,'ALOI 1','Science',NULL,0,'en',0,NULL,'2010-03-03 10:08:30',NULL,4,0,7,2,1,1,'Amsterdam Library of Object Images'),(202,'ALOI 1','Science',NULL,0,'en',0,NULL,'2010-03-03 10:08:30',NULL,4,0,7,2,1,1,'Amsterdam Library of Object Images'),(203,'ALOI 1','Science',NULL,0,'en',0,NULL,'2010-03-03 10:08:31',NULL,4,0,7,2,1,1,'Amsterdam Library of Object Images'),(204,'ALOI 1','Science',NULL,0,'en',0,NULL,'2010-03-03 10:08:31',NULL,4,0,7,2,1,1,'Amsterdam Library of Object Images'),(205,'ALOI 1','Science',NULL,0,'en',0,NULL,'2010-03-03 10:08:31',NULL,4,0,7,2,1,1,'Amsterdam Library of Object Images'),(206,'ALOI 1','Science',NULL,0,'en',0,NULL,'2010-03-03 10:08:32',NULL,4,0,7,2,1,1,'Amsterdam Library of Object Images'),(207,'ALOI 1','Science',NULL,0,'en',0,NULL,'2010-03-03 10:08:32',NULL,4,0,7,2,1,1,'Amsterdam Library of Object Images'),(208,'ALOI 1','Science',NULL,0,'en',0,NULL,'2010-03-03 10:08:32',NULL,4,0,7,2,1,1,'Amsterdam Library of Object Images'),(209,'ALOI 1','Science',NULL,0,'en',0,NULL,'2010-03-03 10:08:32',NULL,4,0,7,2,1,1,'Amsterdam Library of Object Images'),(210,'ALOI 1','Science',NULL,0,'en',0,NULL,'2010-03-03 10:08:33',NULL,4,0,7,2,1,1,'Amsterdam Library of Object Images'),(211,'ALOI 1','Science',NULL,0,'en',0,NULL,'2010-03-03 10:08:33',NULL,4,0,7,2,1,1,'Amsterdam Library of Object Images'),(212,'ALOI 1','Science',NULL,0,'en',0,NULL,'2010-03-03 10:08:33',NULL,4,0,7,2,1,1,'Amsterdam Library of Object Images'),(213,'ALOI 1','Science',NULL,0,'en',0,NULL,'2010-03-03 10:08:33',NULL,4,0,7,2,1,1,'Amsterdam Library of Object Images'),(214,'ALOI 1','Science',NULL,0,'en',0,NULL,'2010-03-03 10:08:34',NULL,4,0,7,2,1,1,'Amsterdam Library of Object Images'),(215,'ALOI 1','Science',NULL,0,'en',0,NULL,'2010-03-03 10:08:34',NULL,4,0,7,2,1,1,'Amsterdam Library of Object Images'),(216,'ALOI 1','Science',NULL,0,'en',0,NULL,'2010-03-03 10:08:34',NULL,4,0,7,2,1,1,'Amsterdam Library of Object Images'),(217,'ALOI 1','Science',NULL,0,'en',0,NULL,'2010-03-03 10:08:35',NULL,4,0,7,2,1,1,'Amsterdam Library of Object Images'),(218,'ALOI 1','Science',NULL,0,'en',0,NULL,'2010-03-03 10:08:35',NULL,4,0,7,2,1,1,'Amsterdam Library of Object Images'),(219,'ALOI 1','Science',NULL,0,'en',0,NULL,'2010-03-03 10:08:35',NULL,4,0,7,2,1,1,'Amsterdam Library of Object Images'),(220,'ALOI 1','Science',NULL,0,'en',0,NULL,'2010-03-03 10:08:36',NULL,4,0,7,2,1,1,'Amsterdam Library of Object Images'),(221,'ALOI 1','Science',NULL,0,'en',0,NULL,'2010-03-03 10:08:36',NULL,4,0,7,2,1,1,'Amsterdam Library of Object Images'),(222,'ALOI 1','Science',NULL,0,'en',0,NULL,'2010-03-03 10:08:36',NULL,4,0,7,2,1,1,'Amsterdam Library of Object Images'),(223,'ALOI 1','Science',NULL,0,'en',0,NULL,'2010-03-03 10:08:36',NULL,4,0,7,2,1,1,'Amsterdam Library of Object Images'),(224,'ALOI 1','Science',NULL,0,'en',0,NULL,'2010-03-03 10:08:37',NULL,4,0,7,2,1,1,'Amsterdam Library of Object Images'),(225,'ALOI 1','Science',NULL,0,'en',0,NULL,'2010-03-03 10:08:37',NULL,4,0,7,2,1,1,'Amsterdam Library of Object Images'),(226,'ALOI 1','Science',NULL,0,'en',0,NULL,'2010-03-03 10:08:38',NULL,4,0,7,2,1,1,'Amsterdam Library of Object Images'),(227,'ALOI 1','Science',NULL,0,'en',0,NULL,'2010-03-03 10:08:38',NULL,4,0,7,2,1,1,'Amsterdam Library of Object Images'),(228,'ALOI 1','Science',NULL,0,'en',0,NULL,'2010-03-03 10:08:38',NULL,4,0,7,2,1,1,'Amsterdam Library of Object Images'),(229,'ALOI 1','Science',NULL,0,'en',0,NULL,'2010-03-03 10:08:39',NULL,4,0,7,2,1,1,'Amsterdam Library of Object Images'),(230,'ALOI 1','Science',NULL,0,'en',0,NULL,'2010-03-03 10:08:39',NULL,4,0,7,2,1,1,'Amsterdam Library of Object Images'),(231,'ALOI 1','Science',NULL,0,'en',0,NULL,'2010-03-03 10:08:39',NULL,4,0,7,2,1,1,'Amsterdam Library of Object Images'),(232,'ALOI 1','Science',NULL,0,'en',0,NULL,'2010-03-03 10:08:40',NULL,4,0,7,2,1,1,'Amsterdam Library of Object Images'),(233,'ALOI 1','Science',NULL,0,'en',0,NULL,'2010-03-03 10:08:40',NULL,4,0,7,2,1,1,'Amsterdam Library of Object Images'),(234,'ALOI 1','Science',NULL,0,'en',0,NULL,'2010-03-03 10:08:40',NULL,4,0,7,2,1,1,'Amsterdam Library of Object Images'),(235,'ALOI 1','Science',NULL,0,'en',0,NULL,'2010-03-03 10:08:40',NULL,4,0,7,2,1,1,'Amsterdam Library of Object Images'),(236,'ALOI 1','Science',NULL,0,'en',0,NULL,'2010-03-03 10:08:41',NULL,4,0,7,2,1,1,'Amsterdam Library of Object Images'),(237,'ALOI 1','Science',NULL,0,'en',0,NULL,'2010-03-03 10:08:41',NULL,4,0,7,2,1,1,'Amsterdam Library of Object Images'),(238,'ALOI 1','Science',NULL,0,'en',0,NULL,'2010-03-03 10:08:41',NULL,4,0,7,2,1,1,'Amsterdam Library of Object Images'),(239,'ALOI 1','Science',NULL,0,'en',0,NULL,'2010-03-03 10:08:42',NULL,4,0,7,2,1,1,'Amsterdam Library of Object Images'),(240,'ALOI 1','Science',NULL,0,'en',0,NULL,'2010-03-03 10:08:42',NULL,4,0,7,2,1,1,'Amsterdam Library of Object Images'),(241,'ALOI 1','Science',NULL,0,'en',0,NULL,'2010-03-03 10:08:42',NULL,4,0,7,2,1,1,'Amsterdam Library of Object Images'),(242,'ALOI 1','Science',NULL,0,'en',0,NULL,'2010-03-03 10:08:43',NULL,4,0,7,2,1,1,'Amsterdam Library of Object Images'),(243,'ALOI 1','Science',NULL,0,'en',0,NULL,'2010-03-03 10:08:43',NULL,4,0,7,2,1,1,'Amsterdam Library of Object Images'),(244,'ALOI 1','Science',NULL,0,'en',0,NULL,'2010-03-03 10:08:43',NULL,4,0,7,2,1,1,'Amsterdam Library of Object Images'),(245,'ALOI 1','Science',NULL,0,'en',0,NULL,'2010-03-03 10:08:44',NULL,4,0,7,2,1,1,'Amsterdam Library of Object Images'),(246,'ALOI 1','Science',NULL,0,'en',0,NULL,'2010-03-03 10:08:44',NULL,4,0,7,2,1,1,'Amsterdam Library of Object Images'),(247,'ALOI 1','Science',NULL,0,'en',0,NULL,'2010-03-03 10:08:44',NULL,4,0,7,2,1,1,'Amsterdam Library of Object Images'),(248,'ALOI 1','Science',NULL,0,'en',0,NULL,'2010-03-03 10:08:45',NULL,4,0,7,2,1,1,'Amsterdam Library of Object Images'),(249,'ALOI 1','Science',NULL,0,'en',0,NULL,'2010-03-03 10:08:45',NULL,4,0,7,2,1,1,'Amsterdam Library of Object Images'),(250,'ALOI 1','Science',NULL,0,'en',0,NULL,'2010-03-03 10:08:45',NULL,4,0,7,2,1,1,'Amsterdam Library of Object Images'),(251,'ALOI 1','Science',NULL,0,'en',0,NULL,'2010-03-03 10:08:45',NULL,4,0,7,2,1,1,'Amsterdam Library of Object Images'),(252,'ALOI 1','Science',NULL,0,'en',0,NULL,'2010-03-03 10:08:46',NULL,4,0,7,2,1,1,'Amsterdam Library of Object Images'),(253,'ALOI 1','Science',NULL,0,'en',0,NULL,'2010-03-03 10:08:46',NULL,4,0,7,2,1,1,'Amsterdam Library of Object Images'),(254,'ALOI 1','Science',NULL,0,'en',0,NULL,'2010-03-03 10:08:46',NULL,4,0,7,2,1,1,'Amsterdam Library of Object Images'),(255,'ALOI 1','Science',NULL,0,'en',0,NULL,'2010-03-03 10:08:47',NULL,4,0,7,2,1,1,'Amsterdam Library of Object Images'),(256,'ALOI 1','Science',NULL,0,'en',0,NULL,'2010-03-03 10:08:47',NULL,4,0,7,2,1,1,'Amsterdam Library of Object Images'),(257,'ALOI 1','Science',NULL,0,'en',0,NULL,'2010-03-03 10:08:47',NULL,4,0,7,2,1,1,'Amsterdam Library of Object Images'),(258,'ALOI 1','Science',NULL,0,'en',0,NULL,'2010-03-03 10:08:47',NULL,4,0,7,2,1,1,'Amsterdam Library of Object Images'),(259,'ALOI 1','Science',NULL,0,'en',0,NULL,'2010-03-03 10:08:48',NULL,4,0,7,2,1,1,'Amsterdam Library of Object Images'),(260,'ALOI 1','Science',NULL,0,'en',0,NULL,'2010-03-03 10:08:48',NULL,4,0,7,2,1,1,'Amsterdam Library of Object Images'),(261,'ALOI 1','Science',NULL,0,'en',0,NULL,'2010-03-03 10:08:48',NULL,4,0,7,2,1,1,'Amsterdam Library of Object Images'),(262,'ALOI 1','Science',NULL,0,'en',0,NULL,'2010-03-03 10:08:49',NULL,4,0,7,2,1,1,'Amsterdam Library of Object Images'),(263,'ALOI 2','Science',NULL,0,'en',0,NULL,'2010-03-03 10:10:31',NULL,4,0,7,3,1,1,'Amsterdam Library of Object Images'),(264,'ALOI 2','Science',NULL,0,'en',0,NULL,'2010-03-03 10:10:31',NULL,4,0,7,3,1,1,'Amsterdam Library of Object Images'),(265,'ALOI 2','Science',NULL,0,'en',0,NULL,'2010-03-03 10:10:32',NULL,4,0,7,3,1,1,'Amsterdam Library of Object Images'),(266,'ALOI 2','Science',NULL,0,'en',0,NULL,'2010-03-03 10:10:32',NULL,4,0,7,3,1,1,'Amsterdam Library of Object Images'),(267,'ALOI 2','Science',NULL,0,'en',0,NULL,'2010-03-03 10:10:32',NULL,4,0,7,3,1,1,'Amsterdam Library of Object Images'),(268,'ALOI 2','Science',NULL,0,'en',0,NULL,'2010-03-03 10:10:32',NULL,4,0,7,3,1,1,'Amsterdam Library of Object Images'),(269,'ALOI 2','Science',NULL,0,'en',0,NULL,'2010-03-03 10:10:33',NULL,4,0,7,3,1,1,'Amsterdam Library of Object Images'),(270,'ALOI 2','Science',NULL,0,'en',0,NULL,'2010-03-03 10:10:33',NULL,4,0,7,3,1,1,'Amsterdam Library of Object Images'),(271,'ALOI 2','Science',NULL,0,'en',0,NULL,'2010-03-03 10:10:33',NULL,4,0,7,3,1,1,'Amsterdam Library of Object Images'),(272,'ALOI 2','Science',NULL,0,'en',0,NULL,'2010-03-03 10:10:34',NULL,4,0,7,3,1,1,'Amsterdam Library of Object Images'),(273,'ALOI 2','Science',NULL,0,'en',0,NULL,'2010-03-03 10:10:34',NULL,4,0,7,3,1,1,'Amsterdam Library of Object Images'),(274,'ALOI 2','Science',NULL,0,'en',0,NULL,'2010-03-03 10:10:34',NULL,4,0,7,3,1,1,'Amsterdam Library of Object Images'),(275,'ALOI 2','Science',NULL,0,'en',0,NULL,'2010-03-03 10:10:35',NULL,4,0,7,3,1,1,'Amsterdam Library of Object Images'),(276,'ALOI 2','Science',NULL,0,'en',0,NULL,'2010-03-03 10:10:35',NULL,4,0,7,3,1,1,'Amsterdam Library of Object Images'),(277,'ALOI 2','Science',NULL,0,'en',0,NULL,'2010-03-03 10:10:35',NULL,4,0,7,3,1,1,'Amsterdam Library of Object Images'),(278,'ALOI 2','Science',NULL,0,'en',0,NULL,'2010-03-03 10:10:35',NULL,4,0,7,3,1,1,'Amsterdam Library of Object Images'),(279,'ALOI 2','Science',NULL,0,'en',0,NULL,'2010-03-03 10:10:36',NULL,4,0,7,3,1,1,'Amsterdam Library of Object Images'),(280,'ALOI 2','Science',NULL,0,'en',0,NULL,'2010-03-03 10:10:36',NULL,4,0,7,3,1,1,'Amsterdam Library of Object Images'),(281,'ALOI 2','Science',NULL,0,'en',0,NULL,'2010-03-03 10:10:36',NULL,4,0,7,3,1,1,'Amsterdam Library of Object Images'),(282,'ALOI 2','Science',NULL,0,'en',0,NULL,'2010-03-03 10:10:37',NULL,4,0,7,3,1,1,'Amsterdam Library of Object Images'),(283,'ALOI 2','Science',NULL,0,'en',0,NULL,'2010-03-03 10:10:37',NULL,4,0,7,3,1,1,'Amsterdam Library of Object Images'),(284,'ALOI 2','Science',NULL,0,'en',0,NULL,'2010-03-03 10:10:37',NULL,4,0,7,3,1,1,'Amsterdam Library of Object Images'),(285,'ALOI 2','Science',NULL,0,'en',0,NULL,'2010-03-03 10:10:38',NULL,4,0,7,3,1,1,'Amsterdam Library of Object Images'),(286,'ALOI 2','Science',NULL,0,'en',0,NULL,'2010-03-03 10:10:38',NULL,4,0,7,3,1,1,'Amsterdam Library of Object Images'),(287,'ALOI 2','Science',NULL,0,'en',0,NULL,'2010-03-03 10:10:38',NULL,4,0,7,3,1,1,'Amsterdam Library of Object Images'),(288,'ALOI 2','Science',NULL,0,'en',0,NULL,'2010-03-03 10:10:39',NULL,4,0,7,3,1,1,'Amsterdam Library of Object Images'),(289,'ALOI 2','Science',NULL,0,'en',0,NULL,'2010-03-03 10:10:39',NULL,4,0,7,3,1,1,'Amsterdam Library of Object Images'),(290,'ALOI 2','Science',NULL,0,'en',0,NULL,'2010-03-03 10:10:39',NULL,4,0,7,3,1,1,'Amsterdam Library of Object Images'),(291,'ALOI 2','Science',NULL,0,'en',0,NULL,'2010-03-03 10:10:39',NULL,4,0,7,3,1,1,'Amsterdam Library of Object Images'),(292,'ALOI 2','Science',NULL,0,'en',0,NULL,'2010-03-03 10:10:40',NULL,4,0,7,3,1,1,'Amsterdam Library of Object Images'),(293,'ALOI 2','Science',NULL,0,'en',0,NULL,'2010-03-03 10:10:40',NULL,4,0,7,3,1,1,'Amsterdam Library of Object Images'),(294,'ALOI 2','Science',NULL,0,'en',0,NULL,'2010-03-03 10:10:40',NULL,4,0,7,3,1,1,'Amsterdam Library of Object Images'),(295,'ALOI 2','Science',NULL,0,'en',0,NULL,'2010-03-03 10:10:41',NULL,4,0,7,3,1,1,'Amsterdam Library of Object Images'),(296,'ALOI 2','Science',NULL,0,'en',0,NULL,'2010-03-03 10:10:41',NULL,4,0,7,3,1,1,'Amsterdam Library of Object Images'),(297,'ALOI 2','Science',NULL,0,'en',0,NULL,'2010-03-03 10:10:42',NULL,4,0,7,3,1,1,'Amsterdam Library of Object Images'),(298,'ALOI 2','Science',NULL,0,'en',0,NULL,'2010-03-03 10:10:43',NULL,4,0,7,3,1,1,'Amsterdam Library of Object Images'),(299,'ALOI 2','Science',NULL,0,'en',0,NULL,'2010-03-03 10:10:43',NULL,4,0,7,3,1,1,'Amsterdam Library of Object Images'),(300,'ALOI 2','Science',NULL,0,'en',0,NULL,'2010-03-03 10:10:44',NULL,4,0,7,3,1,1,'Amsterdam Library of Object Images'),(301,'ALOI 2','Science',NULL,0,'en',0,NULL,'2010-03-03 10:10:44',NULL,4,0,7,3,1,1,'Amsterdam Library of Object Images'),(302,'ALOI 2','Science',NULL,0,'en',0,NULL,'2010-03-03 10:10:44',NULL,4,0,7,3,1,1,'Amsterdam Library of Object Images'),(303,'ALOI 2','Science',NULL,0,'en',0,NULL,'2010-03-03 10:10:45',NULL,4,0,7,3,1,1,'Amsterdam Library of Object Images'),(304,'ALOI 2','Science',NULL,0,'en',0,NULL,'2010-03-03 10:10:45',NULL,4,0,7,3,1,1,'Amsterdam Library of Object Images'),(305,'ALOI 2','Science',NULL,0,'en',0,NULL,'2010-03-03 10:10:45',NULL,4,0,7,3,1,1,'Amsterdam Library of Object Images'),(306,'ALOI 2','Science',NULL,0,'en',0,NULL,'2010-03-03 10:10:46',NULL,4,0,7,3,1,1,'Amsterdam Library of Object Images'),(307,'ALOI 2','Science',NULL,0,'en',0,NULL,'2010-03-03 10:10:46',NULL,4,0,7,3,1,1,'Amsterdam Library of Object Images'),(308,'ALOI 2','Science',NULL,0,'en',0,NULL,'2010-03-03 10:10:46',NULL,4,0,7,3,1,1,'Amsterdam Library of Object Images'),(309,'ALOI 2','Science',NULL,0,'en',0,NULL,'2010-03-03 10:10:46',NULL,4,0,7,3,1,1,'Amsterdam Library of Object Images'),(310,'ALOI 2','Science',NULL,0,'en',0,NULL,'2010-03-03 10:10:47',NULL,4,0,7,3,1,1,'Amsterdam Library of Object Images'),(311,'ALOI 2','Science',NULL,0,'en',0,NULL,'2010-03-03 10:10:47',NULL,4,0,7,3,1,1,'Amsterdam Library of Object Images'),(312,'ALOI 2','Science',NULL,0,'en',0,NULL,'2010-03-03 10:10:48',NULL,4,0,7,3,1,1,'Amsterdam Library of Object Images'),(313,'ALOI 2','Science',NULL,0,'en',0,NULL,'2010-03-03 10:10:48',NULL,4,0,7,3,1,1,'Amsterdam Library of Object Images'),(314,'ALOI 2','Science',NULL,0,'en',0,NULL,'2010-03-03 10:10:48',NULL,4,0,7,3,1,1,'Amsterdam Library of Object Images'),(315,'ALOI 2','Science',NULL,0,'en',0,NULL,'2010-03-03 10:10:48',NULL,4,0,7,3,1,1,'Amsterdam Library of Object Images'),(316,'ALOI 2','Science',NULL,0,'en',0,NULL,'2010-03-03 10:10:49',NULL,4,0,7,3,1,1,'Amsterdam Library of Object Images'),(317,'ALOI 2','Science',NULL,0,'en',0,NULL,'2010-03-03 10:10:49',NULL,4,0,7,3,1,1,'Amsterdam Library of Object Images'),(318,'ALOI 2','Science',NULL,0,'en',0,NULL,'2010-03-03 10:10:49',NULL,4,0,7,3,1,1,'Amsterdam Library of Object Images'),(319,'ALOI 2','Science',NULL,0,'en',0,NULL,'2010-03-03 10:10:50',NULL,4,0,7,3,1,1,'Amsterdam Library of Object Images'),(320,'ALOI 2','Science',NULL,0,'en',0,NULL,'2010-03-03 10:10:50',NULL,4,0,7,3,1,1,'Amsterdam Library of Object Images'),(321,'ALOI 2','Science',NULL,0,'en',0,NULL,'2010-03-03 10:10:50',NULL,4,0,7,3,1,1,'Amsterdam Library of Object Images'),(322,'ALOI 2','Science',NULL,0,'en',0,NULL,'2010-03-03 10:10:50',NULL,4,0,7,3,1,1,'Amsterdam Library of Object Images'),(323,'ALOI 2','Science',NULL,0,'en',0,NULL,'2010-03-03 10:10:51',NULL,4,0,7,3,1,1,'Amsterdam Library of Object Images'),(324,'ALOI 2','Science',NULL,0,'en',0,NULL,'2010-03-03 10:10:51',NULL,4,0,7,3,1,1,'Amsterdam Library of Object Images'),(325,'ALOI 2','Science',NULL,0,'en',0,NULL,'2010-03-03 10:10:51',NULL,4,0,7,3,1,1,'Amsterdam Library of Object Images'),(326,'ALOI 2','Science',NULL,0,'en',0,NULL,'2010-03-03 10:10:52',NULL,4,0,7,3,1,1,'Amsterdam Library of Object Images'),(327,'ALOI 2','Science',NULL,0,'en',0,NULL,'2010-03-03 10:10:52',NULL,4,0,7,3,1,1,'Amsterdam Library of Object Images'),(328,'ALOI 2','Science',NULL,0,'en',0,NULL,'2010-03-03 10:10:53',NULL,4,0,7,3,1,1,'Amsterdam Library of Object Images'),(329,'ALOI 2','Science',NULL,0,'en',0,NULL,'2010-03-03 10:10:53',NULL,4,0,7,3,1,1,'Amsterdam Library of Object Images'),(330,'ALOI 2','Science',NULL,0,'en',0,NULL,'2010-03-03 10:10:53',NULL,4,0,7,3,1,1,'Amsterdam Library of Object Images'),(331,'ALOI 2','Science',NULL,0,'en',0,NULL,'2010-03-03 10:10:53',NULL,4,0,7,3,1,1,'Amsterdam Library of Object Images'),(332,'ALOI 2','Science',NULL,0,'en',0,NULL,'2010-03-03 10:10:54',NULL,4,0,7,3,1,1,'Amsterdam Library of Object Images'),(333,'ALOI 2','Science',NULL,0,'en',0,NULL,'2010-03-03 10:10:54',NULL,4,0,7,3,1,1,'Amsterdam Library of Object Images'),(334,'ALOI 2','Science',NULL,0,'en',0,NULL,'2010-03-03 10:10:54',NULL,4,0,7,3,1,1,'Amsterdam Library of Object Images'),(335,'ALOI 2','Science',NULL,0,'en',0,NULL,'2010-03-03 10:10:55',NULL,4,0,7,3,1,1,'Amsterdam Library of Object Images'),(336,'ALOI 2','Science',NULL,0,'en',0,NULL,'2010-03-03 10:10:55',NULL,4,0,7,3,1,1,'Amsterdam Library of Object Images'),(337,'ALOI 2','Science',NULL,0,'en',0,NULL,'2010-03-03 10:10:55',NULL,4,0,7,3,1,1,'Amsterdam Library of Object Images'),(338,'ALOI 2','Science',NULL,0,'en',0,NULL,'2010-03-03 10:10:55',NULL,4,0,7,3,1,1,'Amsterdam Library of Object Images'),(339,'ALOI 2','Science',NULL,0,'en',0,NULL,'2010-03-03 10:10:56',NULL,4,0,7,3,1,1,'Amsterdam Library of Object Images'),(340,'ALOI 2','Science',NULL,0,'en',0,NULL,'2010-03-03 10:10:56',NULL,4,0,7,3,1,1,'Amsterdam Library of Object Images'),(341,'ALOI 2','Science',NULL,0,'en',0,NULL,'2010-03-03 10:10:56',NULL,4,0,7,3,1,1,'Amsterdam Library of Object Images'),(342,'ALOI 2','Science',NULL,0,'en',0,NULL,'2010-03-03 10:10:57',NULL,4,0,7,3,1,1,'Amsterdam Library of Object Images'),(343,'ALOI 2','Science',NULL,0,'en',0,NULL,'2010-03-03 10:10:58',NULL,4,0,7,3,1,1,'Amsterdam Library of Object Images'),(344,'ALOI 2','Science',NULL,0,'en',0,NULL,'2010-03-03 10:10:58',NULL,4,0,7,3,1,1,'Amsterdam Library of Object Images'),(345,'ALOI 2','Science',NULL,0,'en',0,NULL,'2010-03-03 10:10:58',NULL,4,0,7,3,1,1,'Amsterdam Library of Object Images'),(346,'ALOI 2','Science',NULL,0,'en',0,NULL,'2010-03-03 10:10:58',NULL,4,0,7,3,1,1,'Amsterdam Library of Object Images'),(347,'ALOI 2','Science',NULL,0,'en',0,NULL,'2010-03-03 10:10:59',NULL,4,0,7,3,1,1,'Amsterdam Library of Object Images'),(348,'ALOI 2','Science',NULL,0,'en',0,NULL,'2010-03-03 10:10:59',NULL,4,0,7,3,1,1,'Amsterdam Library of Object Images'),(349,'ALOI 2','Science',NULL,0,'en',0,NULL,'2010-03-03 10:10:59',NULL,4,0,7,3,1,1,'Amsterdam Library of Object Images'),(350,'ALOI 2','Science',NULL,0,'en',0,NULL,'2010-03-03 10:11:00',NULL,4,0,7,3,1,1,'Amsterdam Library of Object Images'),(351,'ALOI 2','Science',NULL,0,'en',0,NULL,'2010-03-03 10:11:00',NULL,4,0,7,3,1,1,'Amsterdam Library of Object Images'),(352,'ALOI 2','Science',NULL,0,'en',0,NULL,'2010-03-03 10:11:00',NULL,4,0,7,3,1,1,'Amsterdam Library of Object Images'),(353,'ALOI 2','Science',NULL,0,'en',0,NULL,'2010-03-03 10:11:00',NULL,4,0,7,3,1,1,'Amsterdam Library of Object Images'),(354,'ALOI 2','Science',NULL,0,'en',0,NULL,'2010-03-03 10:11:01',NULL,4,0,7,3,1,1,'Amsterdam Library of Object Images'),(355,'ALOI 2','Science',NULL,0,'en',0,NULL,'2010-03-03 10:11:01',NULL,4,0,7,3,1,1,'Amsterdam Library of Object Images'),(356,'ALOI 2','Science',NULL,0,'en',0,NULL,'2010-03-03 10:11:01',NULL,4,0,7,3,1,1,'Amsterdam Library of Object Images'),(357,'ALOI 2','Science',NULL,0,'en',0,NULL,'2010-03-03 10:11:02',NULL,4,0,7,3,1,1,'Amsterdam Library of Object Images'),(358,'ALOI 2','Science',NULL,0,'en',0,NULL,'2010-03-03 10:11:02',NULL,4,0,7,3,1,1,'Amsterdam Library of Object Images'),(359,'ALOI 2','Science',NULL,0,'en',0,NULL,'2010-03-03 10:11:02',NULL,4,0,7,3,1,1,'Amsterdam Library of Object Images'),(360,'ALOI 2','Science',NULL,0,'en',0,NULL,'2010-03-03 10:11:03',NULL,4,0,7,3,1,1,'Amsterdam Library of Object Images'),(361,'ALOI 2','Science',NULL,0,'en',0,NULL,'2010-03-03 10:11:03',NULL,4,0,7,3,1,1,'Amsterdam Library of Object Images'),(362,'ALOI 2','Science',NULL,0,'en',0,NULL,'2010-03-03 10:11:03',NULL,4,0,7,3,1,1,'Amsterdam Library of Object Images'),(363,'ALOI 2','Science',NULL,0,'en',0,NULL,'2010-03-03 10:11:04',NULL,4,0,7,3,1,1,'Amsterdam Library of Object Images'),(364,'ALOI 2','Science',NULL,0,'en',0,NULL,'2010-03-03 10:11:04',NULL,4,0,7,3,1,1,'Amsterdam Library of Object Images'),(365,'ALOI 2','Science',NULL,0,'en',0,NULL,'2010-03-03 10:11:04',NULL,4,0,7,3,1,1,'Amsterdam Library of Object Images'),(366,'ALOI 2','Science',NULL,0,'en',0,NULL,'2010-03-03 10:11:05',NULL,4,0,7,3,1,1,'Amsterdam Library of Object Images'),(367,'ALOI 2','Science',NULL,0,'en',0,NULL,'2010-03-03 10:11:05',NULL,4,0,7,3,1,1,'Amsterdam Library of Object Images'),(368,'ALOI 2','Science',NULL,0,'en',0,NULL,'2010-03-03 10:11:05',NULL,4,0,7,3,1,1,'Amsterdam Library of Object Images'),(369,'ALOI 2','Science',NULL,0,'en',0,NULL,'2010-03-03 10:11:06',NULL,4,0,7,3,1,1,'Amsterdam Library of Object Images'),(370,'ALOI 2','Science',NULL,0,'en',0,NULL,'2010-03-03 10:11:06',NULL,4,0,7,3,1,1,'Amsterdam Library of Object Images'),(371,'ALOI 2','Science',NULL,0,'en',0,NULL,'2010-03-03 10:11:06',NULL,4,0,7,3,1,1,'Amsterdam Library of Object Images'),(372,'ALOI 2','Science',NULL,0,'en',0,NULL,'2010-03-03 10:11:06',NULL,4,0,7,3,1,1,'Amsterdam Library of Object Images'),(373,'ALOI 2','Science',NULL,0,'en',0,NULL,'2010-03-03 10:11:07',NULL,4,0,7,3,1,1,'Amsterdam Library of Object Images'),(374,'ALOI 2','Science',NULL,0,'en',0,NULL,'2010-03-03 10:11:07',NULL,4,0,7,3,1,1,'Amsterdam Library of Object Images'),(375,'ALOI 2','Science',NULL,0,'en',0,NULL,'2010-03-03 10:11:08',NULL,4,0,7,3,1,1,'Amsterdam Library of Object Images'),(376,'ALOI 2','Science',NULL,0,'en',0,NULL,'2010-03-03 10:11:08',NULL,4,0,7,3,1,1,'Amsterdam Library of Object Images'),(377,'ALOI 2','Science',NULL,0,'en',0,NULL,'2010-03-03 10:11:08',NULL,4,0,7,3,1,1,'Amsterdam Library of Object Images'),(378,'ALOI 2','Science',NULL,0,'en',0,NULL,'2010-03-03 10:11:09',NULL,4,0,7,3,1,1,'Amsterdam Library of Object Images'),(379,'ALOI 2','Science',NULL,0,'en',0,NULL,'2010-03-03 10:11:09',NULL,4,0,7,3,1,1,'Amsterdam Library of Object Images'),(380,'ALOI 2','Science',NULL,0,'en',0,NULL,'2010-03-03 10:11:09',NULL,4,0,7,3,1,1,'Amsterdam Library of Object Images'),(381,'ALOI 2','Science',NULL,0,'en',0,NULL,'2010-03-03 10:11:10',NULL,4,0,7,3,1,1,'Amsterdam Library of Object Images'),(382,'ALOI 2','Science',NULL,0,'en',0,NULL,'2010-03-03 10:11:10',NULL,4,0,7,3,1,1,'Amsterdam Library of Object Images'),(383,'ALOI 2','Science',NULL,0,'en',0,NULL,'2010-03-03 10:11:10',NULL,4,0,7,3,1,1,'Amsterdam Library of Object Images'),(384,'ALOI 2','Science',NULL,0,'en',0,NULL,'2010-03-03 10:11:11',NULL,4,0,7,3,1,1,'Amsterdam Library of Object Images'),(385,'ALOI 2','Science',NULL,0,'en',0,NULL,'2010-03-03 10:11:11',NULL,4,0,7,3,1,1,'Amsterdam Library of Object Images'),(386,'ALOI 2','Science',NULL,0,'en',0,NULL,'2010-03-03 10:11:12',NULL,4,0,7,3,1,1,'Amsterdam Library of Object Images'),(387,'ALOI 2','Science',NULL,0,'en',0,NULL,'2010-03-03 10:11:12',NULL,4,0,7,3,1,1,'Amsterdam Library of Object Images'),(388,'ALOI 2','Science',NULL,0,'en',0,NULL,'2010-03-03 10:11:12',NULL,4,0,7,3,1,1,'Amsterdam Library of Object Images'),(389,'ALOI 2','Science',NULL,0,'en',0,NULL,'2010-03-03 10:11:12',NULL,4,0,7,3,1,1,'Amsterdam Library of Object Images'),(390,'ALOI 2','Science',NULL,0,'en',0,NULL,'2010-03-03 10:11:13',NULL,4,0,7,3,1,1,'Amsterdam Library of Object Images'),(391,'ALOI 2','Science',NULL,0,'en',0,NULL,'2010-03-03 10:11:13',NULL,4,0,7,3,1,1,'Amsterdam Library of Object Images'),(392,'ALOI 2','Science',NULL,0,'en',0,NULL,'2010-03-03 10:11:14',NULL,4,0,7,3,1,1,'Amsterdam Library of Object Images'),(393,'ALOI 2','Science',NULL,0,'en',0,NULL,'2010-03-03 10:11:14',NULL,4,0,7,3,1,1,'Amsterdam Library of Object Images'),(394,'ALOI 2','Science',NULL,0,'en',0,NULL,'2010-03-03 10:11:14',NULL,4,0,7,3,1,1,'Amsterdam Library of Object Images'),(395,'ALOI 2','Science',NULL,0,'en',0,NULL,'2010-03-03 10:11:14',NULL,4,0,7,3,1,1,'Amsterdam Library of Object Images'),(396,'ALOI 2','Science',NULL,0,'en',0,NULL,'2010-03-03 10:11:15',NULL,4,0,7,3,1,1,'Amsterdam Library of Object Images'),(397,'ALOI 2','Science',NULL,0,'en',0,NULL,'2010-03-03 10:11:15',NULL,4,0,7,3,1,1,'Amsterdam Library of Object Images'),(398,'ALOI 2','Science',NULL,0,'en',0,NULL,'2010-03-03 10:11:15',NULL,4,0,7,3,1,1,'Amsterdam Library of Object Images'),(399,'ALOI 2','Science',NULL,0,'en',0,NULL,'2010-03-03 10:11:16',NULL,4,0,7,3,1,1,'Amsterdam Library of Object Images'),(400,'ALOI 2','Science',NULL,0,'en',0,NULL,'2010-03-03 10:11:16',NULL,4,0,7,3,1,1,'Amsterdam Library of Object Images'),(401,'ALOI 2','Science',NULL,0,'en',0,NULL,'2010-03-03 10:11:16',NULL,4,0,7,3,1,1,'Amsterdam Library of Object Images'),(402,'ALOI 2','Science',NULL,0,'en',0,NULL,'2010-03-03 10:11:17',NULL,4,0,7,3,1,1,'Amsterdam Library of Object Images'),(403,'ALOI 2','Science',NULL,0,'en',0,NULL,'2010-03-03 10:11:17',NULL,4,0,7,3,1,1,'Amsterdam Library of Object Images'),(404,'ALOI 2','Science',NULL,0,'en',0,NULL,'2010-03-03 10:11:17',NULL,4,0,7,3,1,1,'Amsterdam Library of Object Images'),(405,'ALOI 2','Science',NULL,0,'en',0,NULL,'2010-03-03 10:11:18',NULL,4,0,7,3,1,1,'Amsterdam Library of Object Images'),(406,'ALOI 2','Science',NULL,0,'en',0,NULL,'2010-03-03 10:11:18',NULL,4,0,7,3,1,1,'Amsterdam Library of Object Images'),(407,'ALOI 2','Science',NULL,0,'en',0,NULL,'2010-03-03 10:11:18',NULL,4,0,7,3,1,1,'Amsterdam Library of Object Images'),(408,'ALOI 2','Science',NULL,0,'en',0,NULL,'2010-03-03 10:11:18',NULL,4,0,7,3,1,1,'Amsterdam Library of Object Images'),(409,'ALOI 2','Science',NULL,0,'en',0,NULL,'2010-03-03 10:11:19',NULL,4,0,7,3,1,1,'Amsterdam Library of Object Images'),(410,'ALOI 2','Science',NULL,0,'en',0,NULL,'2010-03-03 10:11:19',NULL,4,0,7,3,1,1,'Amsterdam Library of Object Images'),(411,'ALOI 2','Science',NULL,0,'en',0,NULL,'2010-03-03 10:11:19',NULL,4,0,7,3,1,1,'Amsterdam Library of Object Images'),(412,'ALOI 2','Science',NULL,0,'en',0,NULL,'2010-03-03 10:11:20',NULL,4,0,7,3,1,1,'Amsterdam Library of Object Images'),(413,'ALOI 2','Science',NULL,0,'en',0,NULL,'2010-03-03 10:11:20',NULL,4,0,7,3,1,1,'Amsterdam Library of Object Images'),(414,'ALOI 2','Science',NULL,0,'en',0,NULL,'2010-03-03 10:11:20',NULL,4,0,7,3,1,1,'Amsterdam Library of Object Images'),(415,'ALOI 2','Science',NULL,0,'en',0,NULL,'2010-03-03 10:11:21',NULL,4,0,7,3,1,1,'Amsterdam Library of Object Images'),(416,'ALOI 2','Science',NULL,0,'en',0,NULL,'2010-03-03 10:11:21',NULL,4,0,7,3,1,1,'Amsterdam Library of Object Images'),(417,'ALOI 2','Science',NULL,0,'en',0,NULL,'2010-03-03 10:11:21',NULL,4,0,7,3,1,1,'Amsterdam Library of Object Images'),(418,'ALOI 2','Science',NULL,0,'en',0,NULL,'2010-03-03 10:11:22',NULL,4,0,7,3,1,1,'Amsterdam Library of Object Images'),(419,'ALOI 2','Science',NULL,0,'en',0,NULL,'2010-03-03 10:11:22',NULL,4,0,7,3,1,1,'Amsterdam Library of Object Images'),(420,'ALOI 2','Science',NULL,0,'en',0,NULL,'2010-03-03 10:11:22',NULL,4,0,7,3,1,1,'Amsterdam Library of Object Images'),(421,'ALOI 2','Science',NULL,0,'en',0,NULL,'2010-03-03 10:11:22',NULL,4,0,7,3,1,1,'Amsterdam Library of Object Images'),(422,'ALOI 2','Science',NULL,0,'en',0,NULL,'2010-03-03 10:11:23',NULL,4,0,7,3,1,1,'Amsterdam Library of Object Images'),(423,'ALOI 2','Science',NULL,0,'en',0,NULL,'2010-03-03 10:11:23',NULL,4,0,7,3,1,1,'Amsterdam Library of Object Images'),(424,'ALOI 2','Science',NULL,0,'en',0,NULL,'2010-03-03 10:11:23',NULL,4,0,7,3,1,1,'Amsterdam Library of Object Images'),(425,'ALOI 2','Science',NULL,0,'en',0,NULL,'2010-03-03 10:11:24',NULL,4,0,7,3,1,1,'Amsterdam Library of Object Images'),(426,'ALOI 2','Science',NULL,0,'en',0,NULL,'2010-03-03 10:11:24',NULL,4,0,7,3,1,1,'Amsterdam Library of Object Images'),(427,'ALOI 2','Science',NULL,0,'en',0,NULL,'2010-03-03 10:11:24',NULL,4,0,7,3,1,1,'Amsterdam Library of Object Images'),(428,'ALOI 2','Science',NULL,0,'en',0,NULL,'2010-03-03 10:11:25',NULL,4,0,7,3,1,1,'Amsterdam Library of Object Images'),(429,'ALOI 2','Science',NULL,0,'en',0,NULL,'2010-03-03 10:11:25',NULL,4,0,7,3,1,1,'Amsterdam Library of Object Images'),(430,'ALOI 2','Science',NULL,0,'en',0,NULL,'2010-03-03 10:11:25',NULL,4,0,7,3,1,1,'Amsterdam Library of Object Images'),(431,'ALOI 2','Science',NULL,0,'en',0,NULL,'2010-03-03 10:11:26',NULL,4,0,7,3,1,1,'Amsterdam Library of Object Images'),(432,'ALOI 2','Science',NULL,0,'en',0,NULL,'2010-03-03 10:11:26',NULL,4,0,7,3,1,1,'Amsterdam Library of Object Images'),(433,'ALOI 2','Science',NULL,0,'en',0,NULL,'2010-03-03 10:11:26',NULL,4,0,7,3,1,1,'Amsterdam Library of Object Images'),(434,'ALOI 2','Science',NULL,0,'en',0,NULL,'2010-03-03 10:11:27',NULL,4,0,7,3,1,1,'Amsterdam Library of Object Images'),(435,'ALOI 2','Science',NULL,0,'en',0,NULL,'2010-03-03 10:11:27',NULL,4,0,7,3,1,1,'Amsterdam Library of Object Images'),(436,'ALOI 2','Science',NULL,0,'en',0,NULL,'2010-03-03 10:11:28',NULL,4,0,7,3,1,1,'Amsterdam Library of Object Images'),(437,'ALOI 2','Science',NULL,0,'en',0,NULL,'2010-03-03 10:11:28',NULL,4,0,7,3,1,1,'Amsterdam Library of Object Images'),(438,'ALOI 2','Science',NULL,0,'en',0,NULL,'2010-03-03 10:11:29',NULL,4,0,7,3,1,1,'Amsterdam Library of Object Images'),(439,'ALOI 2','Science',NULL,0,'en',0,NULL,'2010-03-03 10:11:29',NULL,4,0,7,3,1,1,'Amsterdam Library of Object Images'),(440,'ALOI 2','Science',NULL,0,'en',0,NULL,'2010-03-03 10:11:30',NULL,4,0,7,3,1,1,'Amsterdam Library of Object Images'),(441,'ALOI 2','Science',NULL,0,'en',0,NULL,'2010-03-03 10:11:30',NULL,4,0,7,3,1,1,'Amsterdam Library of Object Images'),(442,'ALOI 2','Science',NULL,0,'en',0,NULL,'2010-03-03 10:11:30',NULL,4,0,7,3,1,1,'Amsterdam Library of Object Images'),(443,'ALOI 2','Science',NULL,0,'en',0,NULL,'2010-03-03 10:11:30',NULL,4,0,7,3,1,1,'Amsterdam Library of Object Images'),(444,'ALOI 2','Science',NULL,0,'en',0,NULL,'2010-03-03 10:11:31',NULL,4,0,7,3,1,1,'Amsterdam Library of Object Images'),(445,'ALOI 2','Science',NULL,0,'en',0,NULL,'2010-03-03 10:11:31',NULL,4,0,7,3,1,1,'Amsterdam Library of Object Images'),(446,'ALOI 2','Science',NULL,0,'en',0,NULL,'2010-03-03 10:11:32',NULL,4,0,7,3,1,1,'Amsterdam Library of Object Images'),(447,'ALOI 2','Science',NULL,0,'en',0,NULL,'2010-03-03 10:11:32',NULL,4,0,7,3,1,1,'Amsterdam Library of Object Images'),(448,'ALOI 2','Science',NULL,0,'en',0,NULL,'2010-03-03 10:11:33',NULL,4,0,7,3,1,1,'Amsterdam Library of Object Images'),(449,'ALOI 2','Science',NULL,0,'en',0,NULL,'2010-03-03 10:11:33',NULL,4,0,7,3,1,1,'Amsterdam Library of Object Images'),(450,'ALOI 2','Science',NULL,0,'en',0,NULL,'2010-03-03 10:11:33',NULL,4,0,7,3,1,1,'Amsterdam Library of Object Images'),(451,'ALOI 2','Science',NULL,0,'en',0,NULL,'2010-03-03 10:11:33',NULL,4,0,7,3,1,1,'Amsterdam Library of Object Images'),(452,'ALOI 2','Science',NULL,0,'en',0,NULL,'2010-03-03 10:11:34',NULL,4,0,7,3,1,1,'Amsterdam Library of Object Images'),(453,'ALOI 2','Science',NULL,0,'en',0,NULL,'2010-03-03 10:11:34',NULL,4,0,7,3,1,1,'Amsterdam Library of Object Images'),(454,'ALOI 2','Science',NULL,0,'en',0,NULL,'2010-03-03 10:11:35',NULL,4,0,7,3,1,1,'Amsterdam Library of Object Images'),(455,'ALOI 2','Science',NULL,0,'en',0,NULL,'2010-03-03 10:11:35',NULL,4,0,7,3,1,1,'Amsterdam Library of Object Images'),(456,'ALOI 2','Science',NULL,0,'en',0,NULL,'2010-03-03 10:11:36',NULL,4,0,7,3,1,1,'Amsterdam Library of Object Images'),(457,'ALOI 2','Science',NULL,0,'en',0,NULL,'2010-03-03 10:11:36',NULL,4,0,7,3,1,1,'Amsterdam Library of Object Images'),(458,'ALOI 2','Science',NULL,0,'en',0,NULL,'2010-03-03 10:11:37',NULL,4,0,7,3,1,1,'Amsterdam Library of Object Images'),(459,'ALOI 2','Science',NULL,0,'en',0,NULL,'2010-03-03 10:11:37',NULL,4,0,7,3,1,1,'Amsterdam Library of Object Images'),(460,'ALOI 2','Science',NULL,0,'en',0,NULL,'2010-03-03 10:11:37',NULL,4,0,7,3,1,1,'Amsterdam Library of Object Images'),(461,'ALOI 2','Science',NULL,0,'en',0,NULL,'2010-03-03 10:11:38',NULL,4,0,7,3,1,1,'Amsterdam Library of Object Images'),(462,'ALOI 2','Science',NULL,0,'en',0,NULL,'2010-03-03 10:11:38',NULL,4,0,7,3,1,1,'Amsterdam Library of Object Images'),(463,'ALOI 2','Science',NULL,0,'en',0,NULL,'2010-03-03 10:11:38',NULL,4,0,7,3,1,1,'Amsterdam Library of Object Images'),(464,'ALOI 2','Science',NULL,0,'en',0,NULL,'2010-03-03 10:11:39',NULL,4,0,7,3,1,1,'Amsterdam Library of Object Images'),(465,'ALOI 2','Science',NULL,0,'en',0,NULL,'2010-03-03 10:11:39',NULL,4,0,7,3,1,1,'Amsterdam Library of Object Images'),(466,'ALOI 2','Science',NULL,0,'en',0,NULL,'2010-03-03 10:11:40',NULL,4,0,7,3,1,1,'Amsterdam Library of Object Images'),(467,'ALOI 2','Science',NULL,0,'en',0,NULL,'2010-03-03 10:11:40',NULL,4,0,7,3,1,1,'Amsterdam Library of Object Images'),(468,'ALOI 2','Science',NULL,0,'en',0,NULL,'2010-03-03 10:11:40',NULL,4,0,7,3,1,1,'Amsterdam Library of Object Images'),(469,'ALOI 2','Science',NULL,0,'en',0,NULL,'2010-03-03 10:11:41',NULL,4,0,7,3,1,1,'Amsterdam Library of Object Images'),(470,'ALOI 2','Science',NULL,0,'en',0,NULL,'2010-03-03 10:11:41',NULL,4,0,7,3,1,1,'Amsterdam Library of Object Images'),(471,'ALOI 2','Science',NULL,0,'en',0,NULL,'2010-03-03 10:11:41',NULL,4,0,7,3,1,1,'Amsterdam Library of Object Images'),(472,'ALOI 2','Science',NULL,0,'en',0,NULL,'2010-03-03 10:11:42',NULL,4,0,7,3,1,1,'Amsterdam Library of Object Images'),(473,'ALOI 2','Science',NULL,0,'en',0,NULL,'2010-03-03 10:11:42',NULL,4,0,7,3,1,1,'Amsterdam Library of Object Images'),(474,'ALOI 2','Science',NULL,0,'en',0,NULL,'2010-03-03 10:11:42',NULL,4,0,7,3,1,1,'Amsterdam Library of Object Images'),(475,'ALOI 2','Science',NULL,0,'en',0,NULL,'2010-03-03 10:11:43',NULL,4,0,7,3,1,1,'Amsterdam Library of Object Images'),(476,'ALOI 2','Science',NULL,0,'en',0,NULL,'2010-03-03 10:11:43',NULL,4,0,7,3,1,1,'Amsterdam Library of Object Images'),(477,'ALOI 2','Science',NULL,0,'en',0,NULL,'2010-03-03 10:11:43',NULL,4,0,7,3,1,1,'Amsterdam Library of Object Images'),(478,'ALOI 2','Science',NULL,0,'en',0,NULL,'2010-03-03 10:11:44',NULL,4,0,7,3,1,1,'Amsterdam Library of Object Images'),(479,'ALOI 2','Science',NULL,0,'en',0,NULL,'2010-03-03 10:11:44',NULL,4,0,7,3,1,1,'Amsterdam Library of Object Images'),(480,'ALOI 2','Science',NULL,0,'en',0,NULL,'2010-03-03 10:11:44',NULL,4,0,7,3,1,1,'Amsterdam Library of Object Images'),(481,'ALOI 2','Science',1,1,'en',0,NULL,'2010-03-03 10:11:45','0000-00-00 00:00:00',4,NULL,7,3,1,1,'Amsterdam Library of Object Images'),(482,'ALOI 2','Science',1,1,'en',0,NULL,'2010-03-03 10:11:46','0000-00-00 00:00:00',4,NULL,7,3,1,1,'Amsterdam Library of Object Images'),(483,'ALOI 2','Science',1,1,'en',0,NULL,'2010-03-03 10:11:46','0000-00-00 00:00:00',4,NULL,7,3,1,1,'Amsterdam Library of Object Images'),(484,'ALOI 2','Science',1,1,'en',0,NULL,'2010-03-03 10:11:46','0000-00-00 00:00:00',4,NULL,7,3,1,1,'Amsterdam Library of Object Images'),(485,'ALOI 2','Science',1,1,'en',0,NULL,'2010-03-03 10:11:47','0000-00-00 00:00:00',4,NULL,7,3,1,1,'Amsterdam Library of Object Images'),(486,'ALOI 2','Science',1,1,'en',0,NULL,'2010-03-03 10:11:47','0000-00-00 00:00:00',4,NULL,7,3,1,1,'Amsterdam Library of Object Images'),(487,'ALOI 2','Science',1,1,'en',0,NULL,'2010-03-03 10:11:47','0000-00-00 00:00:00',4,NULL,7,3,1,1,'Amsterdam Library of Object Images');
/*!40000 ALTER TABLE `assets` ENABLE KEYS */;
UNLOCK TABLES;
/*!50003 SET @saved_cs_client      = @@character_set_client */ ;
/*!50003 SET @saved_cs_results     = @@character_set_results */ ;
/*!50003 SET @saved_col_connection = @@collation_connection */ ;
/*!50003 SET character_set_client  = utf8 */ ;
/*!50003 SET character_set_results = utf8 */ ;
/*!50003 SET collation_connection  = utf8_general_ci */ ;
/*!50003 SET @saved_sql_mode       = @@sql_mode */ ;
/*!50003 SET sql_mode              = 'STRICT_TRANS_TABLES,STRICT_ALL_TABLES,NO_ZERO_IN_DATE,NO_ZERO_DATE,ERROR_FOR_DIVISION_BY_ZERO,TRADITIONAL,NO_AUTO_CREATE_USER' */ ;
DELIMITER ;;
/*!50003 CREATE*/ /*!50017 DEFINER=`root`@`localhost`*/ /*!50003 TRIGGER fs_ins AFTER INSERT ON assets FOR EACH ROW
    BEGIN
	INSERT INTO fullsearch
		SELECT id, creator_name, publisher_name, collection_name, title, subject,description 
		FROM view_asset_lookup 
		WHERE id=NEW.id;
    END */;;
DELIMITER ;
/*!50003 SET sql_mode              = @saved_sql_mode */ ;
/*!50003 SET character_set_client  = @saved_cs_client */ ;
/*!50003 SET character_set_results = @saved_cs_results */ ;
/*!50003 SET collation_connection  = @saved_col_connection */ ;
/*!50003 SET @saved_cs_client      = @@character_set_client */ ;
/*!50003 SET @saved_cs_results     = @@character_set_results */ ;
/*!50003 SET @saved_col_connection = @@collation_connection */ ;
/*!50003 SET character_set_client  = utf8 */ ;
/*!50003 SET character_set_results = utf8 */ ;
/*!50003 SET collation_connection  = utf8_general_ci */ ;
/*!50003 SET @saved_sql_mode       = @@sql_mode */ ;
/*!50003 SET sql_mode              = 'STRICT_TRANS_TABLES,STRICT_ALL_TABLES,NO_ZERO_IN_DATE,NO_ZERO_DATE,ERROR_FOR_DIVISION_BY_ZERO,TRADITIONAL,NO_AUTO_CREATE_USER' */ ;
DELIMITER ;;
/*!50003 CREATE*/ /*!50017 DEFINER=`root`@`localhost`*/ /*!50003 TRIGGER fs_upd AFTER UPDATE ON assets FOR EACH ROW
    BEGIN
	DELETE FROM fullsearch WHERE assets_id=NEW.id;
	INSERT INTO fullsearch
		SELECT id, creator_name, publisher_name, collection_name, title, subject,description 
		FROM view_asset_lookup 
		WHERE id=NEW.id;
    END */;;
DELIMITER ;
/*!50003 SET sql_mode              = @saved_sql_mode */ ;
/*!50003 SET character_set_client  = @saved_cs_client */ ;
/*!50003 SET character_set_results = @saved_cs_results */ ;
/*!50003 SET collation_connection  = @saved_col_connection */ ;
/*!50003 SET @saved_cs_client      = @@character_set_client */ ;
/*!50003 SET @saved_cs_results     = @@character_set_results */ ;
/*!50003 SET @saved_col_connection = @@collation_connection */ ;
/*!50003 SET character_set_client  = utf8 */ ;
/*!50003 SET character_set_results = utf8 */ ;
/*!50003 SET collation_connection  = utf8_general_ci */ ;
/*!50003 SET @saved_sql_mode       = @@sql_mode */ ;
/*!50003 SET sql_mode              = 'STRICT_TRANS_TABLES,STRICT_ALL_TABLES,NO_ZERO_IN_DATE,NO_ZERO_DATE,ERROR_FOR_DIVISION_BY_ZERO,TRADITIONAL,NO_AUTO_CREATE_USER' */ ;
DELIMITER ;;
/*!50003 CREATE*/ /*!50017 DEFINER=`root`@`localhost`*/ /*!50003 TRIGGER fs_del BEFORE DELETE ON assets FOR EACH ROW
    BEGIN
	DELETE FROM fullsearch WHERE assets_id=OLD.id;
    END */;;
DELIMITER ;
/*!50003 SET sql_mode              = @saved_sql_mode */ ;
/*!50003 SET character_set_client  = @saved_cs_client */ ;
/*!50003 SET character_set_results = @saved_cs_results */ ;
/*!50003 SET collation_connection  = @saved_col_connection */ ;

--
-- Table structure for table `bookmarks`
--

DROP TABLE IF EXISTS `bookmarks`;
/*!40101 SET @saved_cs_client     = @@character_set_client */;
/*!40101 SET character_set_client = utf8 */;
CREATE TABLE `bookmarks` (
  `assets_id` int(11) NOT NULL,
  `users_id` int(11) NOT NULL,
  PRIMARY KEY (`assets_id`,`users_id`),
  KEY `fk_bookmarks_assets1` (`assets_id`),
  KEY `fk_bookmarks_users1` (`users_id`),
  CONSTRAINT `fk_bookmarks_assets1` FOREIGN KEY (`assets_id`) REFERENCES `assets` (`id`) ON DELETE CASCADE ON UPDATE NO ACTION,
  CONSTRAINT `fk_bookmarks_users1` FOREIGN KEY (`users_id`) REFERENCES `users` (`id`) ON DELETE CASCADE ON UPDATE NO ACTION
) ENGINE=InnoDB DEFAULT CHARSET=latin1;
/*!40101 SET character_set_client = @saved_cs_client */;

--
-- Dumping data for table `bookmarks`
--

LOCK TABLES `bookmarks` WRITE;
/*!40000 ALTER TABLE `bookmarks` DISABLE KEYS */;
INSERT INTO `bookmarks` VALUES (5,1);
/*!40000 ALTER TABLE `bookmarks` ENABLE KEYS */;
UNLOCK TABLES;

--
-- Table structure for table `children`
--

DROP TABLE IF EXISTS `children`;
/*!40101 SET @saved_cs_client     = @@character_set_client */;
/*!40101 SET character_set_client = utf8 */;
CREATE TABLE `children` (
  `parent_id` int(11) NOT NULL,
  `child_id` int(11) NOT NULL,
  PRIMARY KEY (`parent_id`,`child_id`),
  UNIQUE KEY `child_id_UNIQUE` (`child_id`),
  KEY `fk_assets_has_assets_assets3` (`parent_id`),
  KEY `fk_assets_has_assets_assets4` (`child_id`),
  CONSTRAINT `fk_assets_has_assets_assets3` FOREIGN KEY (`parent_id`) REFERENCES `assets` (`id`) ON DELETE NO ACTION ON UPDATE NO ACTION,
  CONSTRAINT `fk_assets_has_assets_assets4` FOREIGN KEY (`child_id`) REFERENCES `assets` (`id`) ON DELETE NO ACTION ON UPDATE NO ACTION
) ENGINE=InnoDB DEFAULT CHARSET=latin1;
/*!40101 SET character_set_client = @saved_cs_client */;

--
-- Dumping data for table `children`
--

LOCK TABLES `children` WRITE;
/*!40000 ALTER TABLE `children` DISABLE KEYS */;
/*!40000 ALTER TABLE `children` ENABLE KEYS */;
UNLOCK TABLES;

--
-- Table structure for table `collections`
--

DROP TABLE IF EXISTS `collections`;
/*!40101 SET @saved_cs_client     = @@character_set_client */;
/*!40101 SET character_set_client = utf8 */;
CREATE TABLE `collections` (
  `id` int(11) NOT NULL AUTO_INCREMENT,
  `name` varchar(256) DEFAULT NULL,
  `creator_id` int(11) NOT NULL DEFAULT '1',
  PRIMARY KEY (`id`),
  KEY `fk_collections_users1` (`creator_id`),
  CONSTRAINT `fk_collections_users1` FOREIGN KEY (`creator_id`) REFERENCES `users` (`id`) ON UPDATE NO ACTION
) ENGINE=InnoDB AUTO_INCREMENT=4 DEFAULT CHARSET=latin1;
/*!40101 SET character_set_client = @saved_cs_client */;

--
-- Dumping data for table `collections`
--

LOCK TABLES `collections` WRITE;
/*!40000 ALTER TABLE `collections` DISABLE KEYS */;
INSERT INTO `collections` VALUES (1,'Sync',1),(2,'Amsterdam Library 1',1),(3,'Amsterdam Library 2',1);
/*!40000 ALTER TABLE `collections` ENABLE KEYS */;
UNLOCK TABLES;

--
-- Table structure for table `files`
--

DROP TABLE IF EXISTS `files`;
/*!40101 SET @saved_cs_client     = @@character_set_client */;
/*!40101 SET character_set_client = utf8 */;
CREATE TABLE `files` (
  `id` int(11) NOT NULL,
  `filename` varchar(256) NOT NULL,
  `size` int(11) DEFAULT '0',
  `extent` time DEFAULT NULL,
  `bitrate` int(11) DEFAULT NULL,
  `width` smallint(6) DEFAULT NULL,
  `height` smallint(6) DEFAULT NULL,
  `formats_id` int(11) DEFAULT NULL,
  `queue_flag` bigint(20) DEFAULT NULL,
  PRIMARY KEY (`id`),
  KEY `fk_files_assets1` (`id`),
  KEY `fk_files_formats1` (`formats_id`),
  CONSTRAINT `fk_files_assets1` FOREIGN KEY (`id`) REFERENCES `assets` (`id`) ON DELETE CASCADE ON UPDATE CASCADE
) ENGINE=InnoDB DEFAULT CHARSET=latin1;
/*!40101 SET character_set_client = @saved_cs_client */;

--
-- Dumping data for table `files`
--

LOCK TABLES `files` WRITE;
/*!40000 ALTER TABLE `files` DISABLE KEYS */;
INSERT INTO `files` VALUES (1,'FOSDEM2008-ajatus.ogg',947210,'00:00:12',625664,720,576,3,NULL),(2,'FOSDEM2008-bluepad.ogg',83374724,'00:13:25',846848,720,576,3,NULL),(3,'FOSDEM2008-cloudbridges.ogg',86461279,'00:14:58',787456,720,576,3,NULL),(4,'FOSDEM2008-coherence.ogg',94011637,'00:15:04',850944,720,576,3,NULL),(5,'FOSDEM2008-dacco.ogg',75137450,'00:11:26',897024,720,576,3,NULL),(6,'FOSDEM2008-ganeti.ogg',86176939,'00:15:50',742400,720,576,3,NULL),(7,'FOSDEM2008-iogrind.ogg',102946584,'00:14:33',964608,720,576,3,NULL),(8,'FOSDEM2008-k3d.ogg',96897669,'00:14:58',882688,720,576,3,NULL),(9,'FOSDEM2008-kettle.ogg',72180792,'00:13:05',752640,720,576,3,NULL),(10,'FOSDEM2008-mamona.ogg',93701119,'00:15:10',842752,720,576,3,NULL),(11,'apache_felix.xvid.avi',30532224,'00:15:33',267264,720,576,6,NULL),(12,'bazaar.xvid.avi',54182972,'00:16:16',453632,720,576,6,NULL),(13,'bug.xvid.avi',31739418,'00:15:38',276480,720,576,6,NULL),(14,'camelot.xvid.avi',28552132,'00:14:34',267264,720,576,6,NULL),(15,'games_engines_done_good.xvid.avi',77052196,'00:15:16',688128,960,720,6,NULL),(16,'jtr.xvid.avi',75114894,'00:15:35',657408,960,720,6,NULL),(17,'linux_defenders.xvid.avi',35522438,'00:15:35',310272,720,576,6,NULL),(18,'lxde.xvid.avi',40229400,'00:14:41',373760,720,576,6,NULL),(19,'02-sat-civicrm.xvid.avi',34228092,'00:08:55',523264,960,720,6,NULL),(20,'03-sat-portableapps.xvid.avi',56662264,'00:11:56',647168,960,720,6,NULL),(21,'03-sun-cloudlets.xvid.avi',36543416,'00:11:53',418816,960,720,6,NULL),(22,'04-sat-openpcf.xvid.avi',50809966,'00:17:00',407552,960,720,6,NULL),(23,'04-sun-wtdbo.xvid.avi',54067006,'00:17:00',433152,960,720,6,NULL),(24,'05-sat-savannah.xvid.avi',47674066,'00:15:02',432128,960,720,6,NULL),(25,'06-sat-nanonote.xvid.avi',46666764,'00:10:56',581632,960,720,6,NULL),(26,'07-sat-tinc.xvid.avi',63025610,'00:15:37',550912,960,720,6,NULL),(27,'10-sat-kamailio.xvid.avi',60903568,'00:15:09',547840,960,720,6,NULL),(28,'12-sat-csync.xvid.avi',49853110,'00:15:39',434176,960,720,6,NULL),(29,'15-sat-syncevolution.xvid.avi',55962276,'00:15:41',486400,960,720,6,NULL),(31,'CF425_2_2.DivX.avi',99223378,'00:00:30',27094016,800,600,6,NULL),(32,'Epoq-Lepidoptera.ogg',4357992,NULL,NULL,NULL,NULL,7,NULL),(33,'fashion_eeeee.3gp',3601770,'00:01:04',452608,NULL,NULL,NULL,NULL),(34,'fordka-cat.mpg',1017860,'00:00:39',210944,320,240,10,NULL),(35,'Guillemot_theora_conversion_test.ogv',2447611,'00:00:24',802816,NULL,NULL,7,NULL),(36,'prs_scott_2_03.mp3',2771799,NULL,NULL,NULL,NULL,8,NULL),(37,'ext4.xvid.avi',770732812,'00:53:47',1955840,960,720,6,NULL),(38,'283_r.png',106612,NULL,NULL,384,288,4,NULL),(39,'302_c.png',112641,NULL,NULL,384,288,4,NULL),(40,'284_c.png',130428,NULL,NULL,384,288,4,NULL),(41,'277_c.png',126323,NULL,NULL,384,288,4,NULL),(42,'306_c.png',122678,NULL,NULL,384,288,4,NULL),(43,'295_c.png',98984,NULL,NULL,384,288,4,NULL),(44,'271_r.png',107075,NULL,NULL,384,288,4,NULL),(45,'293_c.png',105876,NULL,NULL,384,288,4,NULL),(46,'261_c.png',114225,NULL,NULL,384,288,4,NULL),(47,'299_l.png',129207,NULL,NULL,384,288,4,NULL),(48,'325_r.png',114203,NULL,NULL,384,288,4,NULL),(49,'309_r.png',116397,NULL,NULL,384,288,4,NULL),(50,'310_c.png',128219,NULL,NULL,384,288,4,NULL),(51,'289_c.png',118871,NULL,NULL,384,288,4,NULL),(52,'320_r.png',133682,NULL,NULL,384,288,4,NULL),(53,'296_c.png',109915,NULL,NULL,384,288,4,NULL),(54,'296_l.png',113170,NULL,NULL,384,288,4,NULL),(55,'320_c.png',129974,NULL,NULL,384,288,4,NULL),(56,'292_c.png',105367,NULL,NULL,384,288,4,NULL),(57,'280_r.png',105861,NULL,NULL,384,288,4,NULL),(58,'283_c.png',104228,NULL,NULL,384,288,4,NULL),(59,'300_l.png',119014,NULL,NULL,384,288,4,NULL),(60,'268_r.png',118692,NULL,NULL,384,288,4,NULL),(61,'287_r.png',108325,NULL,NULL,384,288,4,NULL),(62,'311_c.png',109019,NULL,NULL,384,288,4,NULL),(63,'290_r.png',135523,NULL,NULL,384,288,4,NULL),(64,'315_c.png',145932,NULL,NULL,384,288,4,NULL),(65,'282_l.png',121699,NULL,NULL,384,288,4,NULL),(66,'322_r.png',148925,NULL,NULL,384,288,4,NULL),(67,'270_l.png',110900,NULL,NULL,384,288,4,NULL),(68,'274_r.png',105591,NULL,NULL,384,288,4,NULL),(69,'266_l.png',108451,NULL,NULL,384,288,4,NULL),(70,'262_l.png',120733,NULL,NULL,384,288,4,NULL),(71,'291_r.png',117973,NULL,NULL,384,288,4,NULL),(72,'288_r.png',110011,NULL,NULL,384,288,4,NULL),(73,'281_c.png',115684,NULL,NULL,384,288,4,NULL),(74,'274_l.png',108521,NULL,NULL,384,288,4,NULL),(75,'298_c.png',131895,NULL,NULL,384,288,4,NULL),(76,'270_r.png',108552,NULL,NULL,384,288,4,NULL),(77,'260_l.png',111609,NULL,NULL,384,288,4,NULL),(78,'281_l.png',117783,NULL,NULL,384,288,4,NULL),(79,'264_r.png',153621,NULL,NULL,384,288,4,NULL),(80,'323_c.png',130437,NULL,NULL,384,288,4,NULL),(81,'313_l.png',153262,NULL,NULL,384,288,4,NULL),(82,'251_r.png',103297,NULL,NULL,384,288,4,NULL),(83,'314_c.png',108593,NULL,NULL,384,288,4,NULL),(84,'297_c.png',124391,NULL,NULL,384,288,4,NULL),(85,'263_c.png',152051,NULL,NULL,384,288,4,NULL),(86,'273_c.png',106751,NULL,NULL,384,288,4,NULL),(87,'301_l.png',122090,NULL,NULL,384,288,4,NULL),(88,'267_c.png',116474,NULL,NULL,384,288,4,NULL),(89,'272_l.png',107184,NULL,NULL,384,288,4,NULL),(90,'278_c.png',135402,NULL,NULL,384,288,4,NULL),(91,'278_l.png',137342,NULL,NULL,384,288,4,NULL),(92,'303_r.png',107780,NULL,NULL,384,288,4,NULL),(93,'292_r.png',104858,NULL,NULL,384,288,4,NULL),(94,'255_c.png',99832,NULL,NULL,384,288,4,NULL),(95,'265_c.png',102497,NULL,NULL,384,288,4,NULL),(96,'302_l.png',118214,NULL,NULL,384,288,4,NULL),(97,'321_l.png',145506,NULL,NULL,384,288,4,NULL),(98,'263_l.png',152049,NULL,NULL,384,288,4,NULL),(99,'267_r.png',120844,NULL,NULL,384,288,4,NULL),(100,'305_r.png',121681,NULL,NULL,384,288,4,NULL),(101,'271_c.png',106667,NULL,NULL,384,288,4,NULL),(102,'295_r.png',106095,NULL,NULL,384,288,4,NULL),(103,'290_l.png',136329,NULL,NULL,384,288,4,NULL),(104,'316_l.png',106208,NULL,NULL,384,288,4,NULL),(105,'312_r.png',154321,NULL,NULL,384,288,4,NULL),(106,'318_c.png',98548,NULL,NULL,384,288,4,NULL),(107,'254_r.png',103477,NULL,NULL,384,288,4,NULL),(108,'300_r.png',115278,NULL,NULL,384,288,4,NULL),(109,'297_l.png',131416,NULL,NULL,384,288,4,NULL),(110,'291_c.png',116246,NULL,NULL,384,288,4,NULL),(111,'263_r.png',152380,NULL,NULL,384,288,4,NULL),(112,'311_r.png',109546,NULL,NULL,384,288,4,NULL),(113,'273_r.png',106021,NULL,NULL,384,288,4,NULL),(114,'287_c.png',108054,NULL,NULL,384,288,4,NULL),(115,'296_r.png',110254,NULL,NULL,384,288,4,NULL),(116,'309_l.png',120362,NULL,NULL,384,288,4,NULL),(117,'276_r.png',127888,NULL,NULL,384,288,4,NULL),(118,'280_c.png',105806,NULL,NULL,384,288,4,NULL),(119,'260_c.png',108794,NULL,NULL,384,288,4,NULL),(120,'265_l.png',105919,NULL,NULL,384,288,4,NULL),(121,'316_r.png',105705,NULL,NULL,384,288,4,NULL),(122,'261_l.png',112879,NULL,NULL,384,288,4,NULL),(123,'272_c.png',103876,NULL,NULL,384,288,4,NULL),(124,'275_r.png',111285,NULL,NULL,384,288,4,NULL),(125,'289_r.png',118063,NULL,NULL,384,288,4,NULL),(126,'307_r.png',130678,NULL,NULL,384,288,4,NULL),(127,'279_l.png',116069,NULL,NULL,384,288,4,NULL),(128,'321_c.png',141733,NULL,NULL,384,288,4,NULL),(129,'254_c.png',103668,NULL,NULL,384,288,4,NULL),(130,'262_c.png',117581,NULL,NULL,384,288,4,NULL),(131,'254_l.png',106860,NULL,NULL,384,288,4,NULL),(132,'318_l.png',103554,NULL,NULL,384,288,4,NULL),(133,'324_l.png',105036,NULL,NULL,384,288,4,NULL),(134,'313_r.png',149477,NULL,NULL,384,288,4,NULL),(135,'277_l.png',128270,NULL,NULL,384,288,4,NULL),(136,'286_c.png',114077,NULL,NULL,384,288,4,NULL),(137,'257_l.png',124308,NULL,NULL,384,288,4,NULL),(138,'260_r.png',108020,NULL,NULL,384,288,4,NULL),(139,'288_c.png',110671,NULL,NULL,384,288,4,NULL),(140,'323_l.png',133351,NULL,NULL,384,288,4,NULL),(141,'266_c.png',105720,NULL,NULL,384,288,4,NULL),(142,'259_c.png',118974,NULL,NULL,384,288,4,NULL),(143,'308_l.png',125636,NULL,NULL,384,288,4,NULL),(144,'258_l.png',110335,NULL,NULL,384,288,4,NULL),(145,'252_c.png',99483,NULL,NULL,384,288,4,NULL),(146,'252_l.png',103188,NULL,NULL,384,288,4,NULL),(147,'304_r.png',108413,NULL,NULL,384,288,4,NULL),(148,'266_r.png',105003,NULL,NULL,384,288,4,NULL),(149,'314_r.png',107807,NULL,NULL,384,288,4,NULL),(150,'301_c.png',120191,NULL,NULL,384,288,4,NULL),(151,'321_r.png',146038,NULL,NULL,384,288,4,NULL),(152,'293_r.png',111272,NULL,NULL,384,288,4,NULL),(153,'317_l.png',110075,NULL,NULL,384,288,4,NULL),(154,'275_l.png',113360,NULL,NULL,384,288,4,NULL),(155,'278_r.png',134611,NULL,NULL,384,288,4,NULL),(156,'310_l.png',130220,NULL,NULL,384,288,4,NULL),(157,'272_r.png',103575,NULL,NULL,384,288,4,NULL),(158,'271_l.png',111331,NULL,NULL,384,288,4,NULL),(159,'308_c.png',122625,NULL,NULL,384,288,4,NULL),(160,'324_r.png',102378,NULL,NULL,384,288,4,NULL),(161,'287_l.png',112160,NULL,NULL,384,288,4,NULL),(162,'269_l.png',189003,NULL,NULL,384,288,4,NULL),(163,'298_l.png',132419,NULL,NULL,384,288,4,NULL),(164,'299_c.png',124880,NULL,NULL,384,288,4,NULL),(165,'309_c.png',116177,NULL,NULL,384,288,4,NULL),(166,'268_l.png',120801,NULL,NULL,384,288,4,NULL),(167,'268_c.png',118590,NULL,NULL,384,288,4,NULL),(168,'264_l.png',149005,NULL,NULL,384,288,4,NULL),(169,'324_c.png',101786,NULL,NULL,384,288,4,NULL),(170,'273_l.png',110182,NULL,NULL,384,288,4,NULL),(171,'322_l.png',149793,NULL,NULL,384,288,4,NULL),(172,'259_r.png',120156,NULL,NULL,384,288,4,NULL),(173,'306_r.png',125821,NULL,NULL,384,288,4,NULL),(174,'277_r.png',125657,NULL,NULL,384,288,4,NULL),(175,'300_c.png',115908,NULL,NULL,384,288,4,NULL),(176,'307_c.png',130914,NULL,NULL,384,288,4,NULL),(177,'283_l.png',106392,NULL,NULL,384,288,4,NULL),(178,'270_c.png',108304,NULL,NULL,384,288,4,NULL),(179,'274_c.png',103887,NULL,NULL,384,288,4,NULL),(180,'264_c.png',145847,NULL,NULL,384,288,4,NULL),(181,'262_r.png',118358,NULL,NULL,384,288,4,NULL),(182,'282_c.png',114700,NULL,NULL,384,288,4,NULL),(183,'258_c.png',107971,NULL,NULL,384,288,4,NULL),(184,'317_r.png',107475,NULL,NULL,384,288,4,NULL),(185,'276_c.png',126597,NULL,NULL,384,288,4,NULL),(186,'312_c.png',146646,NULL,NULL,384,288,4,NULL),(187,'279_r.png',110933,NULL,NULL,384,288,4,NULL),(188,'253_l.png',109921,NULL,NULL,384,288,4,NULL),(189,'284_r.png',133258,NULL,NULL,384,288,4,NULL),(190,'299_r.png',128211,NULL,NULL,384,288,4,NULL),(191,'319_c.png',103868,NULL,NULL,384,288,4,NULL),(192,'261_r.png',112694,NULL,NULL,384,288,4,NULL),(193,'282_r.png',122554,NULL,NULL,384,288,4,NULL),(194,'298_r.png',132576,NULL,NULL,384,288,4,NULL),(195,'305_l.png',124319,NULL,NULL,384,288,4,NULL),(196,'279_c.png',111306,NULL,NULL,384,288,4,NULL),(197,'301_r.png',119915,NULL,NULL,384,288,4,NULL),(198,'293_l.png',110877,NULL,NULL,384,288,4,NULL),(199,'320_l.png',137360,NULL,NULL,384,288,4,NULL),(200,'251_l.png',106231,NULL,NULL,384,288,4,NULL),(201,'251_c.png',102907,NULL,NULL,384,288,4,NULL),(202,'306_l.png',129464,NULL,NULL,384,288,4,NULL),(203,'305_c.png',121661,NULL,NULL,384,288,4,NULL),(204,'302_r.png',117837,NULL,NULL,384,288,4,NULL),(205,'318_r.png',96865,NULL,NULL,384,288,4,NULL),(206,'257_r.png',121090,NULL,NULL,384,288,4,NULL),(207,'315_r.png',145914,NULL,NULL,384,288,4,NULL),(208,'290_c.png',133853,NULL,NULL,384,288,4,NULL),(209,'313_c.png',151077,NULL,NULL,384,288,4,NULL),(210,'288_l.png',113183,NULL,NULL,384,288,4,NULL),(211,'256_r.png',116254,NULL,NULL,384,288,4,NULL),(212,'276_l.png',128655,NULL,NULL,384,288,4,NULL),(213,'291_l.png',119560,NULL,NULL,384,288,4,NULL),(214,'285_l.png',126979,NULL,NULL,384,288,4,NULL),(215,'256_c.png',110584,NULL,NULL,384,288,4,NULL),(216,'269_c.png',183454,NULL,NULL,384,288,4,NULL),(217,'314_l.png',111846,NULL,NULL,384,288,4,NULL),(218,'252_r.png',99001,NULL,NULL,384,288,4,NULL),(219,'285_c.png',125861,NULL,NULL,384,288,4,NULL),(220,'258_r.png',106518,NULL,NULL,384,288,4,NULL),(221,'292_l.png',108273,NULL,NULL,384,288,4,NULL),(222,'286_r.png',114404,NULL,NULL,384,288,4,NULL),(223,'322_c.png',139668,NULL,NULL,384,288,4,NULL),(224,'257_c.png',121945,NULL,NULL,384,288,4,NULL),(225,'315_l.png',152120,NULL,NULL,384,288,4,NULL),(226,'267_l.png',120467,NULL,NULL,384,288,4,NULL),(227,'259_l.png',122865,NULL,NULL,384,288,4,NULL),(228,'289_l.png',121138,NULL,NULL,384,288,4,NULL),(229,'280_l.png',110625,NULL,NULL,384,288,4,NULL),(230,'319_l.png',107942,NULL,NULL,384,288,4,NULL),(231,'275_c.png',110076,NULL,NULL,384,288,4,NULL),(232,'304_c.png',107743,NULL,NULL,384,288,4,NULL),(233,'255_r.png',99113,NULL,NULL,384,288,4,NULL),(234,'308_r.png',123372,NULL,NULL,384,288,4,NULL),(235,'294_r.png',117867,NULL,NULL,384,288,4,NULL),(236,'312_l.png',152157,NULL,NULL,384,288,4,NULL),(237,'286_l.png',116087,NULL,NULL,384,288,4,NULL),(238,'310_r.png',128565,NULL,NULL,384,288,4,NULL),(239,'325_l.png',117408,NULL,NULL,384,288,4,NULL),(240,'284_l.png',131049,NULL,NULL,384,288,4,NULL),(241,'311_l.png',112247,NULL,NULL,384,288,4,NULL),(242,'253_r.png',106933,NULL,NULL,384,288,4,NULL),(243,'316_c.png',102210,NULL,NULL,384,288,4,NULL),(244,'304_l.png',111520,NULL,NULL,384,288,4,NULL),(245,'303_l.png',110046,NULL,NULL,384,288,4,NULL),(246,'303_c.png',106238,NULL,NULL,384,288,4,NULL),(247,'256_l.png',113255,NULL,NULL,384,288,4,NULL),(248,'285_r.png',127253,NULL,NULL,384,288,4,NULL),(249,'253_c.png',106421,NULL,NULL,384,288,4,NULL),(250,'319_r.png',104432,NULL,NULL,384,288,4,NULL),(251,'269_r.png',193409,NULL,NULL,384,288,4,NULL),(252,'255_l.png',103300,NULL,NULL,384,288,4,NULL),(253,'325_c.png',114234,NULL,NULL,384,288,4,NULL),(254,'323_r.png',132985,NULL,NULL,384,288,4,NULL),(255,'297_r.png',121231,NULL,NULL,384,288,4,NULL),(256,'294_c.png',113717,NULL,NULL,384,288,4,NULL),(257,'295_l.png',109010,NULL,NULL,384,288,4,NULL),(258,'307_l.png',133930,NULL,NULL,384,288,4,NULL),(259,'281_r.png',115412,NULL,NULL,384,288,4,NULL),(260,'317_c.png',107325,NULL,NULL,384,288,4,NULL),(261,'265_r.png',101953,NULL,NULL,384,288,4,NULL),(262,'294_l.png',117200,NULL,NULL,384,288,4,NULL),(263,'349_c.png',107253,NULL,NULL,384,288,4,NULL),(264,'387_l.png',119061,NULL,NULL,384,288,4,NULL),(265,'360_r.png',107340,NULL,NULL,384,288,4,NULL),(266,'372_l.png',108792,NULL,NULL,384,288,4,NULL),(267,'372_c.png',104966,NULL,NULL,384,288,4,NULL),(268,'353_l.png',137661,NULL,NULL,384,288,4,NULL),(269,'392_r.png',99369,NULL,NULL,384,288,4,NULL),(270,'332_l.png',119051,NULL,NULL,384,288,4,NULL),(271,'362_l.png',152663,NULL,NULL,384,288,4,NULL),(272,'327_c.png',106022,NULL,NULL,384,288,4,NULL),(273,'368_r.png',130545,NULL,NULL,384,288,4,NULL),(274,'361_r.png',106119,NULL,NULL,384,288,4,NULL),(275,'344_c.png',99831,NULL,NULL,384,288,4,NULL),(276,'354_c.png',112336,NULL,NULL,384,288,4,NULL),(277,'340_c.png',105025,NULL,NULL,384,288,4,NULL),(278,'371_c.png',102406,NULL,NULL,384,288,4,NULL),(279,'371_l.png',106185,NULL,NULL,384,288,4,NULL),(280,'390_r.png',104726,NULL,NULL,384,288,4,NULL),(281,'333_l.png',110223,NULL,NULL,384,288,4,NULL),(282,'341_r.png',105064,NULL,NULL,384,288,4,NULL),(283,'358_c.png',104908,NULL,NULL,384,288,4,NULL),(284,'368_c.png',128984,NULL,NULL,384,288,4,NULL),(285,'367_l.png',103016,NULL,NULL,384,288,4,NULL),(286,'356_c.png',97319,NULL,NULL,384,288,4,NULL),(287,'355_r.png',111816,NULL,NULL,384,288,4,NULL),(288,'334_l.png',107598,NULL,NULL,384,288,4,NULL),(289,'361_l.png',109083,NULL,NULL,384,288,4,NULL),(290,'375_l.png',115091,NULL,NULL,384,288,4,NULL),(291,'378_c.png',118831,NULL,NULL,384,288,4,NULL),(292,'388_c.png',117166,NULL,NULL,384,288,4,NULL),(293,'336_r.png',102686,NULL,NULL,384,288,4,NULL),(294,'343_l.png',104417,NULL,NULL,384,288,4,NULL),(295,'326_l.png',108652,NULL,NULL,384,288,4,NULL),(296,'363_l.png',104619,NULL,NULL,384,288,4,NULL),(297,'337_l.png',110178,NULL,NULL,384,288,4,NULL),(298,'393_l.png',105358,NULL,NULL,384,288,4,NULL),(299,'399_c.png',97987,NULL,NULL,384,288,4,NULL),(300,'330_c.png',106284,NULL,NULL,384,288,4,NULL),(301,'387_r.png',112612,NULL,NULL,384,288,4,NULL),(302,'400_c.png',121413,NULL,NULL,384,288,4,NULL),(303,'360_l.png',111269,NULL,NULL,384,288,4,NULL),(304,'389_r.png',106378,NULL,NULL,384,288,4,NULL),(305,'376_r.png',143250,NULL,NULL,384,288,4,NULL),(306,'343_c.png',101420,NULL,NULL,384,288,4,NULL),(307,'335_r.png',117220,NULL,NULL,384,288,4,NULL),(308,'345_r.png',127450,NULL,NULL,384,288,4,NULL),(309,'352_r.png',111046,NULL,NULL,384,288,4,NULL),(310,'397_l.png',102627,NULL,NULL,384,288,4,NULL),(311,'393_r.png',102084,NULL,NULL,384,288,4,NULL),(312,'379_l.png',100385,NULL,NULL,384,288,4,NULL),(313,'370_l.png',109517,NULL,NULL,384,288,4,NULL),(314,'362_r.png',147667,NULL,NULL,384,288,4,NULL),(315,'366_r.png',115849,NULL,NULL,384,288,4,NULL),(316,'331_c.png',110255,NULL,NULL,384,288,4,NULL),(317,'386_r.png',102821,NULL,NULL,384,288,4,NULL),(318,'370_c.png',106904,NULL,NULL,384,288,4,NULL),(319,'396_l.png',107880,NULL,NULL,384,288,4,NULL),(320,'364_r.png',123698,NULL,NULL,384,288,4,NULL),(321,'363_c.png',100378,NULL,NULL,384,288,4,NULL),(322,'348_c.png',110674,NULL,NULL,384,288,4,NULL),(323,'391_l.png',108092,NULL,NULL,384,288,4,NULL),(324,'382_c.png',110006,NULL,NULL,384,288,4,NULL),(325,'374_l.png',115720,NULL,NULL,384,288,4,NULL),(326,'343_r.png',100698,NULL,NULL,384,288,4,NULL),(327,'392_c.png',98814,NULL,NULL,384,288,4,NULL),(328,'392_l.png',102536,NULL,NULL,384,288,4,NULL),(329,'336_c.png',102131,NULL,NULL,384,288,4,NULL),(330,'387_c.png',114558,NULL,NULL,384,288,4,NULL),(331,'341_c.png',105090,NULL,NULL,384,288,4,NULL),(332,'359_l.png',106636,NULL,NULL,384,288,4,NULL),(333,'351_l.png',139942,NULL,NULL,384,288,4,NULL),(334,'350_c.png',97062,NULL,NULL,384,288,4,NULL),(335,'355_l.png',115445,NULL,NULL,384,288,4,NULL),(336,'346_c.png',110977,NULL,NULL,384,288,4,NULL),(337,'381_r.png',133043,NULL,NULL,384,288,4,NULL),(338,'376_c.png',140611,NULL,NULL,384,288,4,NULL),(339,'367_r.png',99337,NULL,NULL,384,288,4,NULL),(340,'364_c.png',123478,NULL,NULL,384,288,4,NULL),(341,'339_c.png',111082,NULL,NULL,384,288,4,NULL),(342,'352_l.png',113494,NULL,NULL,384,288,4,NULL),(343,'371_r.png',102329,NULL,NULL,384,288,4,NULL),(344,'391_c.png',103030,NULL,NULL,384,288,4,NULL),(345,'356_l.png',100946,NULL,NULL,384,288,4,NULL),(346,'395_r.png',105867,NULL,NULL,384,288,4,NULL),(347,'328_l.png',113771,NULL,NULL,384,288,4,NULL),(348,'377_c.png',116185,NULL,NULL,384,288,4,NULL),(349,'337_c.png',107968,NULL,NULL,384,288,4,NULL),(350,'374_c.png',112502,NULL,NULL,384,288,4,NULL),(351,'396_r.png',105386,NULL,NULL,384,288,4,NULL),(352,'333_c.png',106764,NULL,NULL,384,288,4,NULL),(353,'365_l.png',107293,NULL,NULL,384,288,4,NULL),(354,'329_c.png',129038,NULL,NULL,384,288,4,NULL),(355,'378_r.png',121168,NULL,NULL,384,288,4,NULL),(356,'369_l.png',119040,NULL,NULL,384,288,4,NULL),(357,'340_l.png',108408,NULL,NULL,384,288,4,NULL),(358,'344_r.png',100918,NULL,NULL,384,288,4,NULL),(359,'354_r.png',111379,NULL,NULL,384,288,4,NULL),(360,'350_r.png',96737,NULL,NULL,384,288,4,NULL),(361,'329_r.png',129057,NULL,NULL,384,288,4,NULL),(362,'351_r.png',135405,NULL,NULL,384,288,4,NULL),(363,'399_l.png',101502,NULL,NULL,384,288,4,NULL),(364,'339_r.png',111883,NULL,NULL,384,288,4,NULL),(365,'369_c.png',116181,NULL,NULL,384,288,4,NULL),(366,'398_l.png',102415,NULL,NULL,384,288,4,NULL),(367,'398_c.png',99401,NULL,NULL,384,288,4,NULL),(368,'362_c.png',147705,NULL,NULL,384,288,4,NULL),(369,'383_l.png',101842,NULL,NULL,384,288,4,NULL),(370,'348_r.png',109665,NULL,NULL,384,288,4,NULL),(371,'353_r.png',136697,NULL,NULL,384,288,4,NULL),(372,'327_l.png',109183,NULL,NULL,384,288,4,NULL),(373,'345_c.png',127633,NULL,NULL,384,288,4,NULL),(374,'346_r.png',112520,NULL,NULL,384,288,4,NULL),(375,'332_c.png',117200,NULL,NULL,384,288,4,NULL),(376,'380_c.png',110926,NULL,NULL,384,288,4,NULL),(377,'375_c.png',110929,NULL,NULL,384,288,4,NULL),(378,'385_l.png',115118,NULL,NULL,384,288,4,NULL),(379,'358_l.png',108767,NULL,NULL,384,288,4,NULL),(380,'384_l.png',113878,NULL,NULL,384,288,4,NULL),(381,'390_c.png',104692,NULL,NULL,384,288,4,NULL),(382,'385_r.png',111420,NULL,NULL,384,288,4,NULL),(383,'386_c.png',104149,NULL,NULL,384,288,4,NULL),(384,'357_r.png',112750,NULL,NULL,384,288,4,NULL),(385,'347_l.png',109826,NULL,NULL,384,288,4,NULL),(386,'380_l.png',116117,NULL,NULL,384,288,4,NULL),(387,'384_r.png',110545,NULL,NULL,384,288,4,NULL),(388,'374_r.png',113881,NULL,NULL,384,288,4,NULL),(389,'369_r.png',116405,NULL,NULL,384,288,4,NULL),(390,'381_l.png',137970,NULL,NULL,384,288,4,NULL),(391,'391_r.png',103023,NULL,NULL,384,288,4,NULL),(392,'372_r.png',104749,NULL,NULL,384,288,4,NULL),(393,'339_l.png',115903,NULL,NULL,384,288,4,NULL),(394,'330_l.png',108960,NULL,NULL,384,288,4,NULL),(395,'389_c.png',106738,NULL,NULL,384,288,4,NULL),(396,'334_r.png',103729,NULL,NULL,384,288,4,NULL),(397,'397_r.png',98946,NULL,NULL,384,288,4,NULL),(398,'338_c.png',112127,NULL,NULL,384,288,4,NULL),(399,'380_r.png',111192,NULL,NULL,384,288,4,NULL),(400,'390_l.png',107983,NULL,NULL,384,288,4,NULL),(401,'337_r.png',109079,NULL,NULL,384,288,4,NULL),(402,'326_r.png',104755,NULL,NULL,384,288,4,NULL),(403,'360_c.png',108014,NULL,NULL,384,288,4,NULL),(404,'378_l.png',123364,NULL,NULL,384,288,4,NULL),(405,'367_c.png',99356,NULL,NULL,384,288,4,NULL),(406,'393_c.png',101842,NULL,NULL,384,288,4,NULL),(407,'383_c.png',98945,NULL,NULL,384,288,4,NULL),(408,'386_l.png',108137,NULL,NULL,384,288,4,NULL),(409,'330_r.png',106073,NULL,NULL,384,288,4,NULL),(410,'382_l.png',112479,NULL,NULL,384,288,4,NULL),(411,'388_l.png',121330,NULL,NULL,384,288,4,NULL),(412,'395_c.png',105119,NULL,NULL,384,288,4,NULL),(413,'354_l.png',114280,NULL,NULL,384,288,4,NULL),(414,'349_r.png',107152,NULL,NULL,384,288,4,NULL),(415,'381_c.png',134523,NULL,NULL,384,288,4,NULL),(416,'338_r.png',111365,NULL,NULL,384,288,4,NULL),(417,'394_c.png',106034,NULL,NULL,384,288,4,NULL),(418,'357_c.png',112882,NULL,NULL,384,288,4,NULL),(419,'342_l.png',113684,NULL,NULL,384,288,4,NULL),(420,'353_c.png',136339,NULL,NULL,384,288,4,NULL),(421,'394_r.png',104965,NULL,NULL,384,288,4,NULL),(422,'346_l.png',112478,NULL,NULL,384,288,4,NULL),(423,'389_l.png',109592,NULL,NULL,384,288,4,NULL),(424,'361_c.png',105786,NULL,NULL,384,288,4,NULL),(425,'383_r.png',98311,NULL,NULL,384,288,4,NULL),(426,'341_l.png',110263,NULL,NULL,384,288,4,NULL),(427,'394_l.png',108054,NULL,NULL,384,288,4,NULL),(428,'345_l.png',127852,NULL,NULL,384,288,4,NULL),(429,'385_c.png',112396,NULL,NULL,384,288,4,NULL),(430,'400_r.png',122445,NULL,NULL,384,288,4,NULL),(431,'328_r.png',110615,NULL,NULL,384,288,4,NULL),(432,'395_l.png',108316,NULL,NULL,384,288,4,NULL),(433,'376_l.png',139555,NULL,NULL,384,288,4,NULL),(434,'348_l.png',112327,NULL,NULL,384,288,4,NULL),(435,'350_l.png',100478,NULL,NULL,384,288,4,NULL),(436,'332_r.png',116133,NULL,NULL,384,288,4,NULL),(437,'379_r.png',96054,NULL,NULL,384,288,4,NULL),(438,'347_r.png',106247,NULL,NULL,384,288,4,NULL),(439,'397_c.png',98641,NULL,NULL,384,288,4,NULL),(440,'331_l.png',114298,NULL,NULL,384,288,4,NULL),(441,'336_l.png',107667,NULL,NULL,384,288,4,NULL),(442,'377_r.png',121274,NULL,NULL,384,288,4,NULL),(443,'342_r.png',111284,NULL,NULL,384,288,4,NULL),(444,'375_r.png',110953,NULL,NULL,384,288,4,NULL),(445,'399_r.png',98371,NULL,NULL,384,288,4,NULL),(446,'326_c.png',105288,NULL,NULL,384,288,4,NULL),(447,'377_l.png',122479,NULL,NULL,384,288,4,NULL),(448,'356_r.png',96599,NULL,NULL,384,288,4,NULL),(449,'327_r.png',105861,NULL,NULL,384,288,4,NULL),(450,'342_c.png',109124,NULL,NULL,384,288,4,NULL),(451,'344_l.png',103687,NULL,NULL,384,288,4,NULL),(452,'328_c.png',111037,NULL,NULL,384,288,4,NULL),(453,'340_r.png',104809,NULL,NULL,384,288,4,NULL),(454,'384_c.png',110435,NULL,NULL,384,288,4,NULL),(455,'396_c.png',102167,NULL,NULL,384,288,4,NULL),(456,'364_l.png',124660,NULL,NULL,384,288,4,NULL),(457,'359_c.png',102166,NULL,NULL,384,288,4,NULL),(458,'373_r.png',111044,NULL,NULL,384,288,4,NULL),(459,'400_l.png',124296,NULL,NULL,384,288,4,NULL),(460,'359_r.png',102199,NULL,NULL,384,288,4,NULL),(461,'338_l.png',115845,NULL,NULL,384,288,4,NULL),(462,'329_l.png',132028,NULL,NULL,384,288,4,NULL),(463,'365_c.png',103223,NULL,NULL,384,288,4,NULL),(464,'331_r.png',109950,NULL,NULL,384,288,4,NULL),(465,'349_l.png',110339,NULL,NULL,384,288,4,NULL),(466,'334_c.png',104319,NULL,NULL,384,288,4,NULL),(467,'335_l.png',121755,NULL,NULL,384,288,4,NULL),(468,'363_r.png',100143,NULL,NULL,384,288,4,NULL),(469,'388_r.png',118307,NULL,NULL,384,288,4,NULL),(470,'382_r.png',110495,NULL,NULL,384,288,4,NULL),(471,'365_r.png',102567,NULL,NULL,384,288,4,NULL),(472,'352_c.png',111188,NULL,NULL,384,288,4,NULL),(473,'358_r.png',105175,NULL,NULL,384,288,4,NULL),(474,'379_c.png',96549,NULL,NULL,384,288,4,NULL),(475,'347_c.png',107608,NULL,NULL,384,288,4,NULL),(476,'368_l.png',132355,NULL,NULL,384,288,4,NULL),(477,'366_c.png',115558,NULL,NULL,384,288,4,NULL),(478,'366_l.png',118889,NULL,NULL,384,288,4,NULL),(479,'355_c.png',111918,NULL,NULL,384,288,4,NULL),(480,'351_c.png',136032,NULL,NULL,384,288,4,NULL),(481,'370_r.png',107066,NULL,NULL,384,288,4,NULL),(482,'357_l.png',116901,NULL,NULL,384,288,4,NULL),(483,'373_c.png',110937,NULL,NULL,384,288,4,NULL),(484,'333_r.png',105691,NULL,NULL,384,288,4,NULL),(485,'335_c.png',117718,NULL,NULL,384,288,4,NULL),(486,'398_r.png',100275,NULL,NULL,384,288,4,NULL),(487,'373_l.png',113249,NULL,NULL,384,288,4,NULL);
/*!40000 ALTER TABLE `files` ENABLE KEYS */;
UNLOCK TABLES;

--
-- Table structure for table `formats`
--

DROP TABLE IF EXISTS `formats`;
/*!40101 SET @saved_cs_client     = @@character_set_client */;
/*!40101 SET character_set_client = utf8 */;
CREATE TABLE `formats` (
  `id` int(11) NOT NULL AUTO_INCREMENT,
  `format` varchar(45) DEFAULT NULL,
  `lossy_flag` tinyint(4) NOT NULL DEFAULT '0',
  PRIMARY KEY (`id`)
) ENGINE=InnoDB AUTO_INCREMENT=11 DEFAULT CHARSET=latin1;
/*!40101 SET character_set_client = @saved_cs_client */;

--
-- Dumping data for table `formats`
--

LOCK TABLES `formats` WRITE;
/*!40000 ALTER TABLE `formats` DISABLE KEYS */;
INSERT INTO `formats` VALUES (1,'mp4',1),(2,'mov',1),(3,'ogv',1),(4,'png',0),(5,'jpg',1),(6,'avi',1),(7,'ogg',1),(8,'mp3',1),(9,'gif',1),(10,'mpg',1);
/*!40000 ALTER TABLE `formats` ENABLE KEYS */;
UNLOCK TABLES;

--
-- Table structure for table `fullsearch`
--

DROP TABLE IF EXISTS `fullsearch`;
/*!40101 SET @saved_cs_client     = @@character_set_client */;
/*!40101 SET character_set_client = utf8 */;
CREATE TABLE `fullsearch` (
  `assets_id` int(11) NOT NULL,
  `creator_name` varchar(45) DEFAULT NULL,
  `publisher_name` varchar(45) DEFAULT NULL,
  `collection_name` varchar(256) DEFAULT NULL,
  `title` varchar(256) DEFAULT NULL,
  `subject` varchar(45) DEFAULT NULL,
  `description` varchar(8192) DEFAULT NULL,
  PRIMARY KEY (`assets_id`),
  KEY `fk_fullsearch_assets1` (`assets_id`),
  FULLTEXT KEY `idx_fullsearch` (`creator_name`,`publisher_name`,`collection_name`,`title`,`subject`,`description`)
) ENGINE=MyISAM DEFAULT CHARSET=latin1 COMMENT='MyISAM table to use when performing FULLSEARCH';
/*!40101 SET character_set_client = @saved_cs_client */;

--
-- Dumping data for table `fullsearch`
--

LOCK TABLES `fullsearch` WRITE;
/*!40000 ALTER TABLE `fullsearch` DISABLE KEYS */;
INSERT INTO `fullsearch` VALUES (2,'admin','admin',NULL,'Blue PAD','FOSDEM 2008','BluePAD lightning talk. FOSDEM 2008'),(3,'admin','admin',NULL,'Cloud bridges','FOSDEM 2009','Cloud bridges lightning talk. FOSDEM 2009'),(4,'admin','admin',NULL,'Coherence','FOSDEM 2009','Coherence lightning talk. FOSDEM 2009'),(5,'admin','admin',NULL,'Dacco','FOSDEM 2008','Dacco lightning talk. FOSDEM 2008'),(6,'admin','admin',NULL,'Ganeti','FOSDEM 2008','Ganeti lightning talk. FOSDEM 2008'),(8,'admin','admin',NULL,'K3D','FOSDEM 2008','K3D lightning talk. FOSDEM 2008'),(9,'admin','admin',NULL,'Kettle','FOSDEM 2008','Kettle lightning talk. FOSDEM 2008'),(7,'admin','admin',NULL,'Iongrid','FOSDEM 2008','Iongrid lightning talk. FOSDEM 2008'),(10,'admin','admin',NULL,'Mamona','FOSDEM 2008','Mamona lightning talk. FOSDEM 2008'),(1,'admin','admin',NULL,'Ajatus','FOSDEM 2008','Ajatus lightning talk. FOSDEM 2008'),(11,'admin','admin',NULL,'Apache Felix','FOSDEM 2009','Apache Felix lightning talk, FOSDEM 2009'),(12,'admin','admin',NULL,'Bazaar','FOSDEM 2009','Bazaar lightning talk, FOSDEM 2009'),(13,'admin','admin',NULL,'Bug','FOSDEM 2009','Bug lightning talk, FOSDEM 2009 '),(14,'admin','admin',NULL,'Camelot','FOSDEM 2009','Camelot  lightning talk, FOSDEM 2009'),(15,'admin','admin',NULL,'Game Engines done right','FOSDEM 2009','Game engine  lightning talk, FOSDEM 2009'),(16,'admin','admin',NULL,'JTR','FOSDEM 2009','JTR  lightning talk, FOSDEM 2009'),(17,'admin','admin',NULL,'Linux defenders','FOSDEM 2009','Linux  lightning talk, FOSDEM 2009'),(18,'admin','admin',NULL,'LXDE','FOSDEM 2009','LXDE  lightning talk, FOSDEM 2009'),(19,'admin','admin',NULL,'Civi CRM','FOSDEM 2010','Civi  lightning talk, FOSDEM 2010'),(20,'admin','admin',NULL,'Portable Apps','FOSDEM 2010','Portable Apps   lightning talk, FOSDEM 2010'),(21,'admin','admin',NULL,'Cloudlets','FOSDEM 2010','Cloudlets   lightning talk, FOSDEM 2010'),(22,'admin','admin',NULL,'Open PCF','FOSDEM 2010','Open PCF   lightning talk, FOSDEM 2010'),(23,'admin','admin',NULL,'WTDBO','FOSDEM 2010','WTDBO lightning tal, FOSDEM 2010'),(24,'admin','admin',NULL,'Savannah','FOSDEM','Savannah lightning talk, FOSDEM 2010'),(25,'admin','admin',NULL,'Nanonote','FOSDEM 2010','Nanonte lightning talk, FOSDEM 2010'),(26,'admin','admin',NULL,'Tinc','FOSDEM 2010','Tinc  lightning talk, FOSDEM 2010'),(27,'admin','admin',NULL,'Kmailio','FOSDEM 2010','Kmailio lightning talk'),(28,'admin','admin','Sync','Csync','FOSDEM 2010','Csync  lightning talk, FOSDEM 2010'),(29,'admin','admin','Sync','Sync Evolution','FOSDEM 2010','Sync Evolution  lightning talk, FOSDEM 2010'),(31,'admin','admin',NULL,'Ilusin ptica','Ilusiones','Ilusin ptica con patrones fractales'),(32,'admin','admin',NULL,'Epoq','Tunes','Epoq - Lepidoptera tune'),(33,'admin','admin',NULL,'Fashion','Agencia EFE','Fashion EEEEE'),(34,'admin','admin',NULL,'Ford Ka','Commercial','Car commercial'),(35,'admin','admin',NULL,'Penguins','Tests','Guillemot Theora conversion test'),(36,'admin','admin',NULL,'PR Scott','Music','PR Scott MP3 tune'),(37,'admin','admin',NULL,'EXT4','FOSDEM','EXT4 talk at FOSDEM'),(83,'admin',NULL,'Amsterdam Library 1','ALOI 1','Science','Amsterdam Library of Object Images'),(84,'admin',NULL,'Amsterdam Library 1','ALOI 1','Science','Amsterdam Library of Object Images'),(85,'admin',NULL,'Amsterdam Library 1','ALOI 1','Science','Amsterdam Library of Object Images'),(86,'admin',NULL,'Amsterdam Library 1','ALOI 1','Science','Amsterdam Library of Object Images'),(87,'admin',NULL,'Amsterdam Library 1','ALOI 1','Science','Amsterdam Library of Object Images'),(88,'admin',NULL,'Amsterdam Library 1','ALOI 1','Science','Amsterdam Library of Object Images'),(89,'admin',NULL,'Amsterdam Library 1','ALOI 1','Science','Amsterdam Library of Object Images'),(90,'admin',NULL,'Amsterdam Library 1','ALOI 1','Science','Amsterdam Library of Object Images'),(91,'admin',NULL,'Amsterdam Library 1','ALOI 1','Science','Amsterdam Library of Object Images'),(92,'admin',NULL,'Amsterdam Library 1','ALOI 1','Science','Amsterdam Library of Object Images'),(93,'admin',NULL,'Amsterdam Library 1','ALOI 1','Science','Amsterdam Library of Object Images'),(94,'admin',NULL,'Amsterdam Library 1','ALOI 1','Science','Amsterdam Library of Object Images'),(95,'admin',NULL,'Amsterdam Library 1','ALOI 1','Science','Amsterdam Library of Object Images'),(96,'admin',NULL,'Amsterdam Library 1','ALOI 1','Science','Amsterdam Library of Object Images'),(97,'admin',NULL,'Amsterdam Library 1','ALOI 1','Science','Amsterdam Library of Object Images'),(98,'admin',NULL,'Amsterdam Library 1','ALOI 1','Science','Amsterdam Library of Object Images'),(99,'admin',NULL,'Amsterdam Library 1','ALOI 1','Science','Amsterdam Library of Object Images'),(100,'admin',NULL,'Amsterdam Library 1','ALOI 1','Science','Amsterdam Library of Object Images'),(101,'admin',NULL,'Amsterdam Library 1','ALOI 1','Science','Amsterdam Library of Object Images'),(102,'admin',NULL,'Amsterdam Library 1','ALOI 1','Science','Amsterdam Library of Object Images'),(103,'admin',NULL,'Amsterdam Library 1','ALOI 1','Science','Amsterdam Library of Object Images'),(104,'admin',NULL,'Amsterdam Library 1','ALOI 1','Science','Amsterdam Library of Object Images'),(105,'admin',NULL,'Amsterdam Library 1','ALOI 1','Science','Amsterdam Library of Object Images'),(106,'admin',NULL,'Amsterdam Library 1','ALOI 1','Science','Amsterdam Library of Object Images'),(107,'admin',NULL,'Amsterdam Library 1','ALOI 1','Science','Amsterdam Library of Object Images'),(108,'admin',NULL,'Amsterdam Library 1','ALOI 1','Science','Amsterdam Library of Object Images'),(109,'admin',NULL,'Amsterdam Library 1','ALOI 1','Science','Amsterdam Library of Object Images'),(110,'admin',NULL,'Amsterdam Library 1','ALOI 1','Science','Amsterdam Library of Object Images'),(111,'admin',NULL,'Amsterdam Library 1','ALOI 1','Science','Amsterdam Library of Object Images'),(112,'admin',NULL,'Amsterdam Library 1','ALOI 1','Science','Amsterdam Library of Object Images'),(113,'admin',NULL,'Amsterdam Library 1','ALOI 1','Science','Amsterdam Library of Object Images'),(114,'admin',NULL,'Amsterdam Library 1','ALOI 1','Science','Amsterdam Library of Object Images'),(115,'admin',NULL,'Amsterdam Library 1','ALOI 1','Science','Amsterdam Library of Object Images'),(116,'admin',NULL,'Amsterdam Library 1','ALOI 1','Science','Amsterdam Library of Object Images'),(117,'admin',NULL,'Amsterdam Library 1','ALOI 1','Science','Amsterdam Library of Object Images'),(118,'admin',NULL,'Amsterdam Library 1','ALOI 1','Science','Amsterdam Library of Object Images'),(119,'admin',NULL,'Amsterdam Library 1','ALOI 1','Science','Amsterdam Library of Object Images'),(120,'admin',NULL,'Amsterdam Library 1','ALOI 1','Science','Amsterdam Library of Object Images'),(121,'admin',NULL,'Amsterdam Library 1','ALOI 1','Science','Amsterdam Library of Object Images'),(122,'admin',NULL,'Amsterdam Library 1','ALOI 1','Science','Amsterdam Library of Object Images'),(123,'admin',NULL,'Amsterdam Library 1','ALOI 1','Science','Amsterdam Library of Object Images'),(124,'admin',NULL,'Amsterdam Library 1','ALOI 1','Science','Amsterdam Library of Object Images'),(125,'admin',NULL,'Amsterdam Library 1','ALOI 1','Science','Amsterdam Library of Object Images'),(126,'admin',NULL,'Amsterdam Library 1','ALOI 1','Science','Amsterdam Library of Object Images'),(127,'admin',NULL,'Amsterdam Library 1','ALOI 1','Science','Amsterdam Library of Object Images'),(128,'admin',NULL,'Amsterdam Library 1','ALOI 1','Science','Amsterdam Library of Object Images'),(129,'admin',NULL,'Amsterdam Library 1','ALOI 1','Science','Amsterdam Library of Object Images'),(130,'admin',NULL,'Amsterdam Library 1','ALOI 1','Science','Amsterdam Library of Object Images'),(131,'admin',NULL,'Amsterdam Library 1','ALOI 1','Science','Amsterdam Library of Object Images'),(132,'admin',NULL,'Amsterdam Library 1','ALOI 1','Science','Amsterdam Library of Object Images'),(133,'admin',NULL,'Amsterdam Library 1','ALOI 1','Science','Amsterdam Library of Object Images'),(134,'admin',NULL,'Amsterdam Library 1','ALOI 1','Science','Amsterdam Library of Object Images'),(135,'admin',NULL,'Amsterdam Library 1','ALOI 1','Science','Amsterdam Library of Object Images'),(136,'admin',NULL,'Amsterdam Library 1','ALOI 1','Science','Amsterdam Library of Object Images'),(137,'admin',NULL,'Amsterdam Library 1','ALOI 1','Science','Amsterdam Library of Object Images'),(138,'admin',NULL,'Amsterdam Library 1','ALOI 1','Science','Amsterdam Library of Object Images'),(139,'admin',NULL,'Amsterdam Library 1','ALOI 1','Science','Amsterdam Library of Object Images'),(140,'admin',NULL,'Amsterdam Library 1','ALOI 1','Science','Amsterdam Library of Object Images'),(141,'admin',NULL,'Amsterdam Library 1','ALOI 1','Science','Amsterdam Library of Object Images'),(142,'admin',NULL,'Amsterdam Library 1','ALOI 1','Science','Amsterdam Library of Object Images'),(143,'admin',NULL,'Amsterdam Library 1','ALOI 1','Science','Amsterdam Library of Object Images'),(144,'admin',NULL,'Amsterdam Library 1','ALOI 1','Science','Amsterdam Library of Object Images'),(145,'admin',NULL,'Amsterdam Library 1','ALOI 1','Science','Amsterdam Library of Object Images'),(146,'admin',NULL,'Amsterdam Library 1','ALOI 1','Science','Amsterdam Library of Object Images'),(147,'admin',NULL,'Amsterdam Library 1','ALOI 1','Science','Amsterdam Library of Object Images'),(148,'admin',NULL,'Amsterdam Library 1','ALOI 1','Science','Amsterdam Library of Object Images'),(149,'admin',NULL,'Amsterdam Library 1','ALOI 1','Science','Amsterdam Library of Object Images'),(150,'admin',NULL,'Amsterdam Library 1','ALOI 1','Science','Amsterdam Library of Object Images'),(151,'admin',NULL,'Amsterdam Library 1','ALOI 1','Science','Amsterdam Library of Object Images'),(152,'admin',NULL,'Amsterdam Library 1','ALOI 1','Science','Amsterdam Library of Object Images'),(153,'admin',NULL,'Amsterdam Library 1','ALOI 1','Science','Amsterdam Library of Object Images'),(154,'admin',NULL,'Amsterdam Library 1','ALOI 1','Science','Amsterdam Library of Object Images'),(155,'admin',NULL,'Amsterdam Library 1','ALOI 1','Science','Amsterdam Library of Object Images'),(156,'admin',NULL,'Amsterdam Library 1','ALOI 1','Science','Amsterdam Library of Object Images'),(157,'admin',NULL,'Amsterdam Library 1','ALOI 1','Science','Amsterdam Library of Object Images'),(158,'admin',NULL,'Amsterdam Library 1','ALOI 1','Science','Amsterdam Library of Object Images'),(159,'admin',NULL,'Amsterdam Library 1','ALOI 1','Science','Amsterdam Library of Object Images'),(160,'admin',NULL,'Amsterdam Library 1','ALOI 1','Science','Amsterdam Library of Object Images'),(161,'admin',NULL,'Amsterdam Library 1','ALOI 1','Science','Amsterdam Library of Object Images'),(162,'admin',NULL,'Amsterdam Library 1','ALOI 1','Science','Amsterdam Library of Object Images'),(163,'admin',NULL,'Amsterdam Library 1','ALOI 1','Science','Amsterdam Library of Object Images'),(164,'admin',NULL,'Amsterdam Library 1','ALOI 1','Science','Amsterdam Library of Object Images'),(165,'admin',NULL,'Amsterdam Library 1','ALOI 1','Science','Amsterdam Library of Object Images'),(166,'admin',NULL,'Amsterdam Library 1','ALOI 1','Science','Amsterdam Library of Object Images'),(167,'admin',NULL,'Amsterdam Library 1','ALOI 1','Science','Amsterdam Library of Object Images'),(168,'admin',NULL,'Amsterdam Library 1','ALOI 1','Science','Amsterdam Library of Object Images'),(169,'admin',NULL,'Amsterdam Library 1','ALOI 1','Science','Amsterdam Library of Object Images'),(170,'admin',NULL,'Amsterdam Library 1','ALOI 1','Science','Amsterdam Library of Object Images'),(171,'admin',NULL,'Amsterdam Library 1','ALOI 1','Science','Amsterdam Library of Object Images'),(172,'admin',NULL,'Amsterdam Library 1','ALOI 1','Science','Amsterdam Library of Object Images'),(173,'admin',NULL,'Amsterdam Library 1','ALOI 1','Science','Amsterdam Library of Object Images'),(174,'admin',NULL,'Amsterdam Library 1','ALOI 1','Science','Amsterdam Library of Object Images'),(175,'admin',NULL,'Amsterdam Library 1','ALOI 1','Science','Amsterdam Library of Object Images'),(176,'admin',NULL,'Amsterdam Library 1','ALOI 1','Science','Amsterdam Library of Object Images'),(177,'admin',NULL,'Amsterdam Library 1','ALOI 1','Science','Amsterdam Library of Object Images'),(178,'admin',NULL,'Amsterdam Library 1','ALOI 1','Science','Amsterdam Library of Object Images'),(179,'admin',NULL,'Amsterdam Library 1','ALOI 1','Science','Amsterdam Library of Object Images'),(180,'admin',NULL,'Amsterdam Library 1','ALOI 1','Science','Amsterdam Library of Object Images'),(181,'admin',NULL,'Amsterdam Library 1','ALOI 1','Science','Amsterdam Library of Object Images'),(182,'admin',NULL,'Amsterdam Library 1','ALOI 1','Science','Amsterdam Library of Object Images'),(183,'admin',NULL,'Amsterdam Library 1','ALOI 1','Science','Amsterdam Library of Object Images'),(184,'admin',NULL,'Amsterdam Library 1','ALOI 1','Science','Amsterdam Library of Object Images'),(185,'admin',NULL,'Amsterdam Library 1','ALOI 1','Science','Amsterdam Library of Object Images'),(186,'admin',NULL,'Amsterdam Library 1','ALOI 1','Science','Amsterdam Library of Object Images'),(187,'admin',NULL,'Amsterdam Library 1','ALOI 1','Science','Amsterdam Library of Object Images'),(188,'admin',NULL,'Amsterdam Library 1','ALOI 1','Science','Amsterdam Library of Object Images'),(189,'admin',NULL,'Amsterdam Library 1','ALOI 1','Science','Amsterdam Library of Object Images'),(190,'admin',NULL,'Amsterdam Library 1','ALOI 1','Science','Amsterdam Library of Object Images'),(191,'admin',NULL,'Amsterdam Library 1','ALOI 1','Science','Amsterdam Library of Object Images'),(192,'admin',NULL,'Amsterdam Library 1','ALOI 1','Science','Amsterdam Library of Object Images'),(193,'admin',NULL,'Amsterdam Library 1','ALOI 1','Science','Amsterdam Library of Object Images'),(194,'admin',NULL,'Amsterdam Library 1','ALOI 1','Science','Amsterdam Library of Object Images'),(195,'admin',NULL,'Amsterdam Library 1','ALOI 1','Science','Amsterdam Library of Object Images'),(196,'admin',NULL,'Amsterdam Library 1','ALOI 1','Science','Amsterdam Library of Object Images'),(197,'admin',NULL,'Amsterdam Library 1','ALOI 1','Science','Amsterdam Library of Object Images'),(198,'admin',NULL,'Amsterdam Library 1','ALOI 1','Science','Amsterdam Library of Object Images'),(199,'admin',NULL,'Amsterdam Library 1','ALOI 1','Science','Amsterdam Library of Object Images'),(200,'admin',NULL,'Amsterdam Library 1','ALOI 1','Science','Amsterdam Library of Object Images'),(201,'admin',NULL,'Amsterdam Library 1','ALOI 1','Science','Amsterdam Library of Object Images'),(202,'admin',NULL,'Amsterdam Library 1','ALOI 1','Science','Amsterdam Library of Object Images'),(203,'admin',NULL,'Amsterdam Library 1','ALOI 1','Science','Amsterdam Library of Object Images'),(204,'admin',NULL,'Amsterdam Library 1','ALOI 1','Science','Amsterdam Library of Object Images'),(205,'admin',NULL,'Amsterdam Library 1','ALOI 1','Science','Amsterdam Library of Object Images'),(206,'admin',NULL,'Amsterdam Library 1','ALOI 1','Science','Amsterdam Library of Object Images'),(207,'admin',NULL,'Amsterdam Library 1','ALOI 1','Science','Amsterdam Library of Object Images'),(208,'admin',NULL,'Amsterdam Library 1','ALOI 1','Science','Amsterdam Library of Object Images'),(209,'admin',NULL,'Amsterdam Library 1','ALOI 1','Science','Amsterdam Library of Object Images'),(210,'admin',NULL,'Amsterdam Library 1','ALOI 1','Science','Amsterdam Library of Object Images'),(211,'admin',NULL,'Amsterdam Library 1','ALOI 1','Science','Amsterdam Library of Object Images'),(212,'admin',NULL,'Amsterdam Library 1','ALOI 1','Science','Amsterdam Library of Object Images'),(213,'admin',NULL,'Amsterdam Library 1','ALOI 1','Science','Amsterdam Library of Object Images'),(214,'admin',NULL,'Amsterdam Library 1','ALOI 1','Science','Amsterdam Library of Object Images'),(215,'admin',NULL,'Amsterdam Library 1','ALOI 1','Science','Amsterdam Library of Object Images'),(216,'admin',NULL,'Amsterdam Library 1','ALOI 1','Science','Amsterdam Library of Object Images'),(217,'admin',NULL,'Amsterdam Library 1','ALOI 1','Science','Amsterdam Library of Object Images'),(218,'admin',NULL,'Amsterdam Library 1','ALOI 1','Science','Amsterdam Library of Object Images'),(219,'admin',NULL,'Amsterdam Library 1','ALOI 1','Science','Amsterdam Library of Object Images'),(220,'admin',NULL,'Amsterdam Library 1','ALOI 1','Science','Amsterdam Library of Object Images'),(221,'admin',NULL,'Amsterdam Library 1','ALOI 1','Science','Amsterdam Library of Object Images'),(222,'admin',NULL,'Amsterdam Library 1','ALOI 1','Science','Amsterdam Library of Object Images'),(223,'admin',NULL,'Amsterdam Library 1','ALOI 1','Science','Amsterdam Library of Object Images'),(224,'admin',NULL,'Amsterdam Library 1','ALOI 1','Science','Amsterdam Library of Object Images'),(225,'admin',NULL,'Amsterdam Library 1','ALOI 1','Science','Amsterdam Library of Object Images'),(226,'admin',NULL,'Amsterdam Library 1','ALOI 1','Science','Amsterdam Library of Object Images'),(263,'admin',NULL,'Amsterdam Library 2','ALOI 2','Science','Amsterdam Library of Object Images'),(264,'admin',NULL,'Amsterdam Library 2','ALOI 2','Science','Amsterdam Library of Object Images'),(265,'admin',NULL,'Amsterdam Library 2','ALOI 2','Science','Amsterdam Library of Object Images'),(266,'admin',NULL,'Amsterdam Library 2','ALOI 2','Science','Amsterdam Library of Object Images'),(267,'admin',NULL,'Amsterdam Library 2','ALOI 2','Science','Amsterdam Library of Object Images'),(268,'admin',NULL,'Amsterdam Library 2','ALOI 2','Science','Amsterdam Library of Object Images'),(269,'admin',NULL,'Amsterdam Library 2','ALOI 2','Science','Amsterdam Library of Object Images'),(270,'admin',NULL,'Amsterdam Library 2','ALOI 2','Science','Amsterdam Library of Object Images'),(271,'admin',NULL,'Amsterdam Library 2','ALOI 2','Science','Amsterdam Library of Object Images'),(272,'admin',NULL,'Amsterdam Library 2','ALOI 2','Science','Amsterdam Library of Object Images'),(273,'admin',NULL,'Amsterdam Library 2','ALOI 2','Science','Amsterdam Library of Object Images'),(274,'admin',NULL,'Amsterdam Library 2','ALOI 2','Science','Amsterdam Library of Object Images'),(275,'admin',NULL,'Amsterdam Library 2','ALOI 2','Science','Amsterdam Library of Object Images'),(276,'admin',NULL,'Amsterdam Library 2','ALOI 2','Science','Amsterdam Library of Object Images'),(277,'admin',NULL,'Amsterdam Library 2','ALOI 2','Science','Amsterdam Library of Object Images'),(278,'admin',NULL,'Amsterdam Library 2','ALOI 2','Science','Amsterdam Library of Object Images'),(279,'admin',NULL,'Amsterdam Library 2','ALOI 2','Science','Amsterdam Library of Object Images'),(280,'admin',NULL,'Amsterdam Library 2','ALOI 2','Science','Amsterdam Library of Object Images'),(281,'admin',NULL,'Amsterdam Library 2','ALOI 2','Science','Amsterdam Library of Object Images'),(282,'admin',NULL,'Amsterdam Library 2','ALOI 2','Science','Amsterdam Library of Object Images'),(283,'admin',NULL,'Amsterdam Library 2','ALOI 2','Science','Amsterdam Library of Object Images'),(284,'admin',NULL,'Amsterdam Library 2','ALOI 2','Science','Amsterdam Library of Object Images'),(285,'admin',NULL,'Amsterdam Library 2','ALOI 2','Science','Amsterdam Library of Object Images'),(286,'admin',NULL,'Amsterdam Library 2','ALOI 2','Science','Amsterdam Library of Object Images'),(287,'admin',NULL,'Amsterdam Library 2','ALOI 2','Science','Amsterdam Library of Object Images'),(288,'admin',NULL,'Amsterdam Library 2','ALOI 2','Science','Amsterdam Library of Object Images'),(289,'admin',NULL,'Amsterdam Library 2','ALOI 2','Science','Amsterdam Library of Object Images'),(290,'admin',NULL,'Amsterdam Library 2','ALOI 2','Science','Amsterdam Library of Object Images'),(291,'admin',NULL,'Amsterdam Library 2','ALOI 2','Science','Amsterdam Library of Object Images'),(292,'admin',NULL,'Amsterdam Library 2','ALOI 2','Science','Amsterdam Library of Object Images'),(293,'admin',NULL,'Amsterdam Library 2','ALOI 2','Science','Amsterdam Library of Object Images'),(294,'admin',NULL,'Amsterdam Library 2','ALOI 2','Science','Amsterdam Library of Object Images'),(295,'admin',NULL,'Amsterdam Library 2','ALOI 2','Science','Amsterdam Library of Object Images'),(296,'admin',NULL,'Amsterdam Library 2','ALOI 2','Science','Amsterdam Library of Object Images'),(297,'admin',NULL,'Amsterdam Library 2','ALOI 2','Science','Amsterdam Library of Object Images'),(298,'admin',NULL,'Amsterdam Library 2','ALOI 2','Science','Amsterdam Library of Object Images'),(299,'admin',NULL,'Amsterdam Library 2','ALOI 2','Science','Amsterdam Library of Object Images'),(300,'admin',NULL,'Amsterdam Library 2','ALOI 2','Science','Amsterdam Library of Object Images'),(301,'admin',NULL,'Amsterdam Library 2','ALOI 2','Science','Amsterdam Library of Object Images'),(302,'admin',NULL,'Amsterdam Library 2','ALOI 2','Science','Amsterdam Library of Object Images'),(303,'admin',NULL,'Amsterdam Library 2','ALOI 2','Science','Amsterdam Library of Object Images'),(304,'admin',NULL,'Amsterdam Library 2','ALOI 2','Science','Amsterdam Library of Object Images'),(305,'admin',NULL,'Amsterdam Library 2','ALOI 2','Science','Amsterdam Library of Object Images'),(306,'admin',NULL,'Amsterdam Library 2','ALOI 2','Science','Amsterdam Library of Object Images'),(307,'admin',NULL,'Amsterdam Library 2','ALOI 2','Science','Amsterdam Library of Object Images'),(308,'admin',NULL,'Amsterdam Library 2','ALOI 2','Science','Amsterdam Library of Object Images'),(309,'admin',NULL,'Amsterdam Library 2','ALOI 2','Science','Amsterdam Library of Object Images'),(310,'admin',NULL,'Amsterdam Library 2','ALOI 2','Science','Amsterdam Library of Object Images'),(311,'admin',NULL,'Amsterdam Library 2','ALOI 2','Science','Amsterdam Library of Object Images'),(312,'admin',NULL,'Amsterdam Library 2','ALOI 2','Science','Amsterdam Library of Object Images'),(313,'admin',NULL,'Amsterdam Library 2','ALOI 2','Science','Amsterdam Library of Object Images'),(314,'admin',NULL,'Amsterdam Library 2','ALOI 2','Science','Amsterdam Library of Object Images'),(315,'admin',NULL,'Amsterdam Library 2','ALOI 2','Science','Amsterdam Library of Object Images'),(316,'admin',NULL,'Amsterdam Library 2','ALOI 2','Science','Amsterdam Library of Object Images'),(317,'admin',NULL,'Amsterdam Library 2','ALOI 2','Science','Amsterdam Library of Object Images'),(318,'admin',NULL,'Amsterdam Library 2','ALOI 2','Science','Amsterdam Library of Object Images'),(319,'admin',NULL,'Amsterdam Library 2','ALOI 2','Science','Amsterdam Library of Object Images'),(320,'admin',NULL,'Amsterdam Library 2','ALOI 2','Science','Amsterdam Library of Object Images'),(321,'admin',NULL,'Amsterdam Library 2','ALOI 2','Science','Amsterdam Library of Object Images'),(322,'admin',NULL,'Amsterdam Library 2','ALOI 2','Science','Amsterdam Library of Object Images'),(323,'admin',NULL,'Amsterdam Library 2','ALOI 2','Science','Amsterdam Library of Object Images'),(324,'admin',NULL,'Amsterdam Library 2','ALOI 2','Science','Amsterdam Library of Object Images'),(325,'admin',NULL,'Amsterdam Library 2','ALOI 2','Science','Amsterdam Library of Object Images'),(326,'admin',NULL,'Amsterdam Library 2','ALOI 2','Science','Amsterdam Library of Object Images'),(327,'admin',NULL,'Amsterdam Library 2','ALOI 2','Science','Amsterdam Library of Object Images'),(328,'admin',NULL,'Amsterdam Library 2','ALOI 2','Science','Amsterdam Library of Object Images'),(329,'admin',NULL,'Amsterdam Library 2','ALOI 2','Science','Amsterdam Library of Object Images'),(330,'admin',NULL,'Amsterdam Library 2','ALOI 2','Science','Amsterdam Library of Object Images'),(331,'admin',NULL,'Amsterdam Library 2','ALOI 2','Science','Amsterdam Library of Object Images'),(332,'admin',NULL,'Amsterdam Library 2','ALOI 2','Science','Amsterdam Library of Object Images'),(333,'admin',NULL,'Amsterdam Library 2','ALOI 2','Science','Amsterdam Library of Object Images'),(334,'admin',NULL,'Amsterdam Library 2','ALOI 2','Science','Amsterdam Library of Object Images'),(335,'admin',NULL,'Amsterdam Library 2','ALOI 2','Science','Amsterdam Library of Object Images'),(336,'admin',NULL,'Amsterdam Library 2','ALOI 2','Science','Amsterdam Library of Object Images'),(337,'admin',NULL,'Amsterdam Library 2','ALOI 2','Science','Amsterdam Library of Object Images'),(338,'admin',NULL,'Amsterdam Library 2','ALOI 2','Science','Amsterdam Library of Object Images'),(339,'admin',NULL,'Amsterdam Library 2','ALOI 2','Science','Amsterdam Library of Object Images'),(340,'admin',NULL,'Amsterdam Library 2','ALOI 2','Science','Amsterdam Library of Object Images'),(341,'admin',NULL,'Amsterdam Library 2','ALOI 2','Science','Amsterdam Library of Object Images'),(342,'admin',NULL,'Amsterdam Library 2','ALOI 2','Science','Amsterdam Library of Object Images'),(343,'admin',NULL,'Amsterdam Library 2','ALOI 2','Science','Amsterdam Library of Object Images'),(344,'admin',NULL,'Amsterdam Library 2','ALOI 2','Science','Amsterdam Library of Object Images'),(345,'admin',NULL,'Amsterdam Library 2','ALOI 2','Science','Amsterdam Library of Object Images'),(346,'admin',NULL,'Amsterdam Library 2','ALOI 2','Science','Amsterdam Library of Object Images'),(347,'admin',NULL,'Amsterdam Library 2','ALOI 2','Science','Amsterdam Library of Object Images'),(348,'admin',NULL,'Amsterdam Library 2','ALOI 2','Science','Amsterdam Library of Object Images'),(349,'admin',NULL,'Amsterdam Library 2','ALOI 2','Science','Amsterdam Library of Object Images'),(350,'admin',NULL,'Amsterdam Library 2','ALOI 2','Science','Amsterdam Library of Object Images'),(351,'admin',NULL,'Amsterdam Library 2','ALOI 2','Science','Amsterdam Library of Object Images'),(352,'admin',NULL,'Amsterdam Library 2','ALOI 2','Science','Amsterdam Library of Object Images'),(353,'admin',NULL,'Amsterdam Library 2','ALOI 2','Science','Amsterdam Library of Object Images'),(354,'admin',NULL,'Amsterdam Library 2','ALOI 2','Science','Amsterdam Library of Object Images'),(355,'admin',NULL,'Amsterdam Library 2','ALOI 2','Science','Amsterdam Library of Object Images'),(356,'admin',NULL,'Amsterdam Library 2','ALOI 2','Science','Amsterdam Library of Object Images'),(357,'admin',NULL,'Amsterdam Library 2','ALOI 2','Science','Amsterdam Library of Object Images'),(358,'admin',NULL,'Amsterdam Library 2','ALOI 2','Science','Amsterdam Library of Object Images'),(359,'admin',NULL,'Amsterdam Library 2','ALOI 2','Science','Amsterdam Library of Object Images'),(360,'admin',NULL,'Amsterdam Library 2','ALOI 2','Science','Amsterdam Library of Object Images'),(361,'admin',NULL,'Amsterdam Library 2','ALOI 2','Science','Amsterdam Library of Object Images'),(362,'admin',NULL,'Amsterdam Library 2','ALOI 2','Science','Amsterdam Library of Object Images'),(363,'admin',NULL,'Amsterdam Library 2','ALOI 2','Science','Amsterdam Library of Object Images'),(364,'admin',NULL,'Amsterdam Library 2','ALOI 2','Science','Amsterdam Library of Object Images'),(365,'admin',NULL,'Amsterdam Library 2','ALOI 2','Science','Amsterdam Library of Object Images'),(366,'admin',NULL,'Amsterdam Library 2','ALOI 2','Science','Amsterdam Library of Object Images'),(367,'admin',NULL,'Amsterdam Library 2','ALOI 2','Science','Amsterdam Library of Object Images'),(368,'admin',NULL,'Amsterdam Library 2','ALOI 2','Science','Amsterdam Library of Object Images'),(369,'admin',NULL,'Amsterdam Library 2','ALOI 2','Science','Amsterdam Library of Object Images'),(370,'admin',NULL,'Amsterdam Library 2','ALOI 2','Science','Amsterdam Library of Object Images'),(371,'admin',NULL,'Amsterdam Library 2','ALOI 2','Science','Amsterdam Library of Object Images'),(372,'admin',NULL,'Amsterdam Library 2','ALOI 2','Science','Amsterdam Library of Object Images'),(373,'admin',NULL,'Amsterdam Library 2','ALOI 2','Science','Amsterdam Library of Object Images'),(374,'admin',NULL,'Amsterdam Library 2','ALOI 2','Science','Amsterdam Library of Object Images'),(375,'admin',NULL,'Amsterdam Library 2','ALOI 2','Science','Amsterdam Library of Object Images'),(376,'admin',NULL,'Amsterdam Library 2','ALOI 2','Science','Amsterdam Library of Object Images'),(377,'admin',NULL,'Amsterdam Library 2','ALOI 2','Science','Amsterdam Library of Object Images'),(378,'admin',NULL,'Amsterdam Library 2','ALOI 2','Science','Amsterdam Library of Object Images'),(379,'admin',NULL,'Amsterdam Library 2','ALOI 2','Science','Amsterdam Library of Object Images'),(380,'admin',NULL,'Amsterdam Library 2','ALOI 2','Science','Amsterdam Library of Object Images'),(381,'admin',NULL,'Amsterdam Library 2','ALOI 2','Science','Amsterdam Library of Object Images'),(382,'admin',NULL,'Amsterdam Library 2','ALOI 2','Science','Amsterdam Library of Object Images'),(383,'admin',NULL,'Amsterdam Library 2','ALOI 2','Science','Amsterdam Library of Object Images'),(384,'admin',NULL,'Amsterdam Library 2','ALOI 2','Science','Amsterdam Library of Object Images'),(385,'admin',NULL,'Amsterdam Library 2','ALOI 2','Science','Amsterdam Library of Object Images'),(386,'admin',NULL,'Amsterdam Library 2','ALOI 2','Science','Amsterdam Library of Object Images'),(387,'admin',NULL,'Amsterdam Library 2','ALOI 2','Science','Amsterdam Library of Object Images'),(388,'admin',NULL,'Amsterdam Library 2','ALOI 2','Science','Amsterdam Library of Object Images'),(389,'admin',NULL,'Amsterdam Library 2','ALOI 2','Science','Amsterdam Library of Object Images'),(390,'admin',NULL,'Amsterdam Library 2','ALOI 2','Science','Amsterdam Library of Object Images'),(391,'admin',NULL,'Amsterdam Library 2','ALOI 2','Science','Amsterdam Library of Object Images'),(392,'admin',NULL,'Amsterdam Library 2','ALOI 2','Science','Amsterdam Library of Object Images'),(393,'admin',NULL,'Amsterdam Library 2','ALOI 2','Science','Amsterdam Library of Object Images'),(394,'admin',NULL,'Amsterdam Library 2','ALOI 2','Science','Amsterdam Library of Object Images'),(395,'admin',NULL,'Amsterdam Library 2','ALOI 2','Science','Amsterdam Library of Object Images'),(396,'admin',NULL,'Amsterdam Library 2','ALOI 2','Science','Amsterdam Library of Object Images'),(397,'admin',NULL,'Amsterdam Library 2','ALOI 2','Science','Amsterdam Library of Object Images'),(398,'admin',NULL,'Amsterdam Library 2','ALOI 2','Science','Amsterdam Library of Object Images'),(399,'admin',NULL,'Amsterdam Library 2','ALOI 2','Science','Amsterdam Library of Object Images'),(400,'admin',NULL,'Amsterdam Library 2','ALOI 2','Science','Amsterdam Library of Object Images'),(401,'admin',NULL,'Amsterdam Library 2','ALOI 2','Science','Amsterdam Library of Object Images'),(402,'admin',NULL,'Amsterdam Library 2','ALOI 2','Science','Amsterdam Library of Object Images'),(403,'admin',NULL,'Amsterdam Library 2','ALOI 2','Science','Amsterdam Library of Object Images'),(404,'admin',NULL,'Amsterdam Library 2','ALOI 2','Science','Amsterdam Library of Object Images'),(405,'admin',NULL,'Amsterdam Library 2','ALOI 2','Science','Amsterdam Library of Object Images'),(406,'admin',NULL,'Amsterdam Library 2','ALOI 2','Science','Amsterdam Library of Object Images'),(407,'admin',NULL,'Amsterdam Library 2','ALOI 2','Science','Amsterdam Library of Object Images'),(408,'admin',NULL,'Amsterdam Library 2','ALOI 2','Science','Amsterdam Library of Object Images'),(409,'admin',NULL,'Amsterdam Library 2','ALOI 2','Science','Amsterdam Library of Object Images'),(410,'admin',NULL,'Amsterdam Library 2','ALOI 2','Science','Amsterdam Library of Object Images'),(411,'admin',NULL,'Amsterdam Library 2','ALOI 2','Science','Amsterdam Library of Object Images'),(412,'admin',NULL,'Amsterdam Library 2','ALOI 2','Science','Amsterdam Library of Object Images'),(413,'admin',NULL,'Amsterdam Library 2','ALOI 2','Science','Amsterdam Library of Object Images'),(414,'admin',NULL,'Amsterdam Library 2','ALOI 2','Science','Amsterdam Library of Object Images'),(415,'admin',NULL,'Amsterdam Library 2','ALOI 2','Science','Amsterdam Library of Object Images'),(416,'admin',NULL,'Amsterdam Library 2','ALOI 2','Science','Amsterdam Library of Object Images'),(417,'admin',NULL,'Amsterdam Library 2','ALOI 2','Science','Amsterdam Library of Object Images'),(418,'admin',NULL,'Amsterdam Library 2','ALOI 2','Science','Amsterdam Library of Object Images'),(419,'admin',NULL,'Amsterdam Library 2','ALOI 2','Science','Amsterdam Library of Object Images'),(420,'admin',NULL,'Amsterdam Library 2','ALOI 2','Science','Amsterdam Library of Object Images'),(421,'admin',NULL,'Amsterdam Library 2','ALOI 2','Science','Amsterdam Library of Object Images'),(422,'admin',NULL,'Amsterdam Library 2','ALOI 2','Science','Amsterdam Library of Object Images'),(423,'admin',NULL,'Amsterdam Library 2','ALOI 2','Science','Amsterdam Library of Object Images'),(424,'admin',NULL,'Amsterdam Library 2','ALOI 2','Science','Amsterdam Library of Object Images'),(425,'admin',NULL,'Amsterdam Library 2','ALOI 2','Science','Amsterdam Library of Object Images'),(426,'admin',NULL,'Amsterdam Library 2','ALOI 2','Science','Amsterdam Library of Object Images'),(427,'admin',NULL,'Amsterdam Library 2','ALOI 2','Science','Amsterdam Library of Object Images'),(428,'admin',NULL,'Amsterdam Library 2','ALOI 2','Science','Amsterdam Library of Object Images'),(429,'admin',NULL,'Amsterdam Library 2','ALOI 2','Science','Amsterdam Library of Object Images'),(430,'admin',NULL,'Amsterdam Library 2','ALOI 2','Science','Amsterdam Library of Object Images'),(431,'admin',NULL,'Amsterdam Library 2','ALOI 2','Science','Amsterdam Library of Object Images'),(432,'admin',NULL,'Amsterdam Library 2','ALOI 2','Science','Amsterdam Library of Object Images'),(433,'admin',NULL,'Amsterdam Library 2','ALOI 2','Science','Amsterdam Library of Object Images'),(434,'admin',NULL,'Amsterdam Library 2','ALOI 2','Science','Amsterdam Library of Object Images'),(435,'admin',NULL,'Amsterdam Library 2','ALOI 2','Science','Amsterdam Library of Object Images'),(436,'admin',NULL,'Amsterdam Library 2','ALOI 2','Science','Amsterdam Library of Object Images'),(437,'admin',NULL,'Amsterdam Library 2','ALOI 2','Science','Amsterdam Library of Object Images'),(438,'admin',NULL,'Amsterdam Library 2','ALOI 2','Science','Amsterdam Library of Object Images'),(439,'admin',NULL,'Amsterdam Library 2','ALOI 2','Science','Amsterdam Library of Object Images'),(440,'admin',NULL,'Amsterdam Library 2','ALOI 2','Science','Amsterdam Library of Object Images'),(441,'admin',NULL,'Amsterdam Library 2','ALOI 2','Science','Amsterdam Library of Object Images'),(442,'admin',NULL,'Amsterdam Library 2','ALOI 2','Science','Amsterdam Library of Object Images'),(443,'admin',NULL,'Amsterdam Library 2','ALOI 2','Science','Amsterdam Library of Object Images'),(444,'admin',NULL,'Amsterdam Library 2','ALOI 2','Science','Amsterdam Library of Object Images'),(445,'admin',NULL,'Amsterdam Library 2','ALOI 2','Science','Amsterdam Library of Object Images'),(446,'admin',NULL,'Amsterdam Library 2','ALOI 2','Science','Amsterdam Library of Object Images'),(447,'admin',NULL,'Amsterdam Library 2','ALOI 2','Science','Amsterdam Library of Object Images'),(448,'admin',NULL,'Amsterdam Library 2','ALOI 2','Science','Amsterdam Library of Object Images'),(449,'admin',NULL,'Amsterdam Library 2','ALOI 2','Science','Amsterdam Library of Object Images'),(450,'admin',NULL,'Amsterdam Library 2','ALOI 2','Science','Amsterdam Library of Object Images'),(451,'admin',NULL,'Amsterdam Library 2','ALOI 2','Science','Amsterdam Library of Object Images'),(452,'admin',NULL,'Amsterdam Library 2','ALOI 2','Science','Amsterdam Library of Object Images'),(453,'admin',NULL,'Amsterdam Library 2','ALOI 2','Science','Amsterdam Library of Object Images'),(454,'admin',NULL,'Amsterdam Library 2','ALOI 2','Science','Amsterdam Library of Object Images'),(455,'admin',NULL,'Amsterdam Library 2','ALOI 2','Science','Amsterdam Library of Object Images'),(456,'admin',NULL,'Amsterdam Library 2','ALOI 2','Science','Amsterdam Library of Object Images'),(457,'admin',NULL,'Amsterdam Library 2','ALOI 2','Science','Amsterdam Library of Object Images'),(458,'admin',NULL,'Amsterdam Library 2','ALOI 2','Science','Amsterdam Library of Object Images'),(459,'admin',NULL,'Amsterdam Library 2','ALOI 2','Science','Amsterdam Library of Object Images'),(460,'admin',NULL,'Amsterdam Library 2','ALOI 2','Science','Amsterdam Library of Object Images'),(461,'admin',NULL,'Amsterdam Library 2','ALOI 2','Science','Amsterdam Library of Object Images'),(462,'admin',NULL,'Amsterdam Library 2','ALOI 2','Science','Amsterdam Library of Object Images'),(463,'admin',NULL,'Amsterdam Library 2','ALOI 2','Science','Amsterdam Library of Object Images'),(464,'admin',NULL,'Amsterdam Library 2','ALOI 2','Science','Amsterdam Library of Object Images'),(465,'admin',NULL,'Amsterdam Library 2','ALOI 2','Science','Amsterdam Library of Object Images'),(466,'admin',NULL,'Amsterdam Library 2','ALOI 2','Science','Amsterdam Library of Object Images'),(467,'admin',NULL,'Amsterdam Library 2','ALOI 2','Science','Amsterdam Library of Object Images'),(468,'admin',NULL,'Amsterdam Library 2','ALOI 2','Science','Amsterdam Library of Object Images'),(469,'admin',NULL,'Amsterdam Library 2','ALOI 2','Science','Amsterdam Library of Object Images'),(470,'admin',NULL,'Amsterdam Library 2','ALOI 2','Science','Amsterdam Library of Object Images'),(471,'admin',NULL,'Amsterdam Library 2','ALOI 2','Science','Amsterdam Library of Object Images'),(472,'admin',NULL,'Amsterdam Library 2','ALOI 2','Science','Amsterdam Library of Object Images'),(473,'admin',NULL,'Amsterdam Library 2','ALOI 2','Science','Amsterdam Library of Object Images'),(474,'admin',NULL,'Amsterdam Library 2','ALOI 2','Science','Amsterdam Library of Object Images'),(475,'admin',NULL,'Amsterdam Library 2','ALOI 2','Science','Amsterdam Library of Object Images'),(476,'admin',NULL,'Amsterdam Library 2','ALOI 2','Science','Amsterdam Library of Object Images'),(477,'admin',NULL,'Amsterdam Library 2','ALOI 2','Science','Amsterdam Library of Object Images'),(478,'admin',NULL,'Amsterdam Library 2','ALOI 2','Science','Amsterdam Library of Object Images'),(479,'admin',NULL,'Amsterdam Library 2','ALOI 2','Science','Amsterdam Library of Object Images'),(480,'admin',NULL,'Amsterdam Library 2','ALOI 2','Science','Amsterdam Library of Object Images'),(481,'admin','admin','Amsterdam Library 2','ALOI 2','Science','Amsterdam Library of Object Images'),(482,'admin','admin','Amsterdam Library 2','ALOI 2','Science','Amsterdam Library of Object Images'),(483,'admin','admin','Amsterdam Library 2','ALOI 2','Science','Amsterdam Library of Object Images'),(484,'admin','admin','Amsterdam Library 2','ALOI 2','Science','Amsterdam Library of Object Images'),(485,'admin','admin','Amsterdam Library 2','ALOI 2','Science','Amsterdam Library of Object Images'),(486,'admin','admin','Amsterdam Library 2','ALOI 2','Science','Amsterdam Library of Object Images'),(487,'admin','admin','Amsterdam Library 2','ALOI 2','Science','Amsterdam Library of Object Images'),(227,'admin',NULL,'Amsterdam Library 1','ALOI 1','Science','Amsterdam Library of Object Images'),(228,'admin',NULL,'Amsterdam Library 1','ALOI 1','Science','Amsterdam Library of Object Images'),(229,'admin',NULL,'Amsterdam Library 1','ALOI 1','Science','Amsterdam Library of Object Images'),(230,'admin',NULL,'Amsterdam Library 1','ALOI 1','Science','Amsterdam Library of Object Images'),(231,'admin',NULL,'Amsterdam Library 1','ALOI 1','Science','Amsterdam Library of Object Images'),(232,'admin',NULL,'Amsterdam Library 1','ALOI 1','Science','Amsterdam Library of Object Images'),(233,'admin',NULL,'Amsterdam Library 1','ALOI 1','Science','Amsterdam Library of Object Images'),(234,'admin',NULL,'Amsterdam Library 1','ALOI 1','Science','Amsterdam Library of Object Images'),(235,'admin',NULL,'Amsterdam Library 1','ALOI 1','Science','Amsterdam Library of Object Images'),(236,'admin',NULL,'Amsterdam Library 1','ALOI 1','Science','Amsterdam Library of Object Images'),(237,'admin',NULL,'Amsterdam Library 1','ALOI 1','Science','Amsterdam Library of Object Images'),(238,'admin',NULL,'Amsterdam Library 1','ALOI 1','Science','Amsterdam Library of Object Images'),(239,'admin',NULL,'Amsterdam Library 1','ALOI 1','Science','Amsterdam Library of Object Images'),(240,'admin',NULL,'Amsterdam Library 1','ALOI 1','Science','Amsterdam Library of Object Images'),(241,'admin',NULL,'Amsterdam Library 1','ALOI 1','Science','Amsterdam Library of Object Images'),(242,'admin',NULL,'Amsterdam Library 1','ALOI 1','Science','Amsterdam Library of Object Images'),(243,'admin',NULL,'Amsterdam Library 1','ALOI 1','Science','Amsterdam Library of Object Images'),(244,'admin',NULL,'Amsterdam Library 1','ALOI 1','Science','Amsterdam Library of Object Images'),(245,'admin',NULL,'Amsterdam Library 1','ALOI 1','Science','Amsterdam Library of Object Images'),(246,'admin',NULL,'Amsterdam Library 1','ALOI 1','Science','Amsterdam Library of Object Images'),(247,'admin',NULL,'Amsterdam Library 1','ALOI 1','Science','Amsterdam Library of Object Images'),(248,'admin',NULL,'Amsterdam Library 1','ALOI 1','Science','Amsterdam Library of Object Images'),(249,'admin',NULL,'Amsterdam Library 1','ALOI 1','Science','Amsterdam Library of Object Images'),(250,'admin',NULL,'Amsterdam Library 1','ALOI 1','Science','Amsterdam Library of Object Images'),(251,'admin',NULL,'Amsterdam Library 1','ALOI 1','Science','Amsterdam Library of Object Images'),(252,'admin',NULL,'Amsterdam Library 1','ALOI 1','Science','Amsterdam Library of Object Images'),(253,'admin',NULL,'Amsterdam Library 1','ALOI 1','Science','Amsterdam Library of Object Images'),(254,'admin',NULL,'Amsterdam Library 1','ALOI 1','Science','Amsterdam Library of Object Images'),(255,'admin',NULL,'Amsterdam Library 1','ALOI 1','Science','Amsterdam Library of Object Images'),(256,'admin',NULL,'Amsterdam Library 1','ALOI 1','Science','Amsterdam Library of Object Images'),(257,'admin',NULL,'Amsterdam Library 1','ALOI 1','Science','Amsterdam Library of Object Images'),(258,'admin',NULL,'Amsterdam Library 1','ALOI 1','Science','Amsterdam Library of Object Images'),(259,'admin',NULL,'Amsterdam Library 1','ALOI 1','Science','Amsterdam Library of Object Images'),(260,'admin',NULL,'Amsterdam Library 1','ALOI 1','Science','Amsterdam Library of Object Images'),(261,'admin',NULL,'Amsterdam Library 1','ALOI 1','Science','Amsterdam Library of Object Images'),(262,'admin',NULL,'Amsterdam Library 1','ALOI 1','Science','Amsterdam Library of Object Images'),(38,'admin','admin','Amsterdam Library 1','ALOI 1','Science','Amsterdam Library of Object Images'),(39,'admin','admin','Amsterdam Library 1','ALOI 1','Science','Amsterdam Library of Object Images'),(40,'admin','admin','Amsterdam Library 1','ALOI 1','Science','Amsterdam Library of Object Images'),(41,'admin','admin','Amsterdam Library 1','ALOI 1','Science','Amsterdam Library of Object Images'),(42,'admin','admin','Amsterdam Library 1','ALOI 1','Science','Amsterdam Library of Object Images'),(43,'admin','admin','Amsterdam Library 1','ALOI 1','Science','Amsterdam Library of Object Images'),(44,'admin','admin','Amsterdam Library 1','ALOI 1','Science','Amsterdam Library of Object Images'),(45,'admin','admin','Amsterdam Library 1','ALOI 1','Science','Amsterdam Library of Object Images'),(46,'admin','admin','Amsterdam Library 1','ALOI 1','Science','Amsterdam Library of Object Images'),(47,'admin','admin','Amsterdam Library 1','ALOI 1','Science','Amsterdam Library of Object Images'),(48,'admin',NULL,'Amsterdam Library 1','ALOI 1','Science','Amsterdam Library of Object Images'),(49,'admin',NULL,'Amsterdam Library 1','ALOI 1','Science','Amsterdam Library of Object Images'),(50,'admin',NULL,'Amsterdam Library 1','ALOI 1','Science','Amsterdam Library of Object Images'),(51,'admin',NULL,'Amsterdam Library 1','ALOI 1','Science','Amsterdam Library of Object Images'),(52,'admin',NULL,'Amsterdam Library 1','ALOI 1','Science','Amsterdam Library of Object Images'),(53,'admin',NULL,'Amsterdam Library 1','ALOI 1','Science','Amsterdam Library of Object Images'),(54,'admin',NULL,'Amsterdam Library 1','ALOI 1','Science','Amsterdam Library of Object Images'),(55,'admin',NULL,'Amsterdam Library 1','ALOI 1','Science','Amsterdam Library of Object Images'),(56,'admin',NULL,'Amsterdam Library 1','ALOI 1','Science','Amsterdam Library of Object Images'),(57,'admin',NULL,'Amsterdam Library 1','ALOI 1','Science','Amsterdam Library of Object Images'),(58,'admin','admin','Amsterdam Library 1','ALOI 1','Science','Amsterdam Library of Object Images'),(59,'admin','admin','Amsterdam Library 1','ALOI 1','Science','Amsterdam Library of Object Images'),(60,'admin','admin','Amsterdam Library 1','ALOI 1','Science','Amsterdam Library of Object Images'),(61,'admin',NULL,'Amsterdam Library 1','ALOI 1','Science','Amsterdam Library of Object Images'),(62,'admin',NULL,'Amsterdam Library 1','ALOI 1','Science','Amsterdam Library of Object Images'),(63,'admin',NULL,'Amsterdam Library 1','ALOI 1','Science','Amsterdam Library of Object Images'),(64,'admin',NULL,'Amsterdam Library 1','ALOI 1','Science','Amsterdam Library of Object Images'),(65,'admin',NULL,'Amsterdam Library 1','ALOI 1','Science','Amsterdam Library of Object Images'),(66,'admin',NULL,'Amsterdam Library 1','ALOI 1','Science','Amsterdam Library of Object Images'),(67,'admin',NULL,'Amsterdam Library 1','ALOI 1','Science','Amsterdam Library of Object Images'),(68,'admin',NULL,'Amsterdam Library 1','ALOI 1','Science','Amsterdam Library of Object Images'),(69,'admin',NULL,'Amsterdam Library 1','ALOI 1','Science','Amsterdam Library of Object Images'),(70,'admin',NULL,'Amsterdam Library 1','ALOI 1','Science','Amsterdam Library of Object Images'),(71,'admin',NULL,'Amsterdam Library 1','ALOI 1','Science','Amsterdam Library of Object Images'),(72,'admin',NULL,'Amsterdam Library 1','ALOI 1','Science','Amsterdam Library of Object Images'),(73,'admin',NULL,'Amsterdam Library 1','ALOI 1','Science','Amsterdam Library of Object Images'),(74,'admin',NULL,'Amsterdam Library 1','ALOI 1','Science','Amsterdam Library of Object Images'),(75,'admin',NULL,'Amsterdam Library 1','ALOI 1','Science','Amsterdam Library of Object Images'),(76,'admin',NULL,'Amsterdam Library 1','ALOI 1','Science','Amsterdam Library of Object Images'),(77,'admin',NULL,'Amsterdam Library 1','ALOI 1','Science','Amsterdam Library of Object Images'),(78,'admin',NULL,'Amsterdam Library 1','ALOI 1','Science','Amsterdam Library of Object Images'),(79,'admin',NULL,'Amsterdam Library 1','ALOI 1','Science','Amsterdam Library of Object Images'),(80,'admin',NULL,'Amsterdam Library 1','ALOI 1','Science','Amsterdam Library of Object Images'),(81,'admin',NULL,'Amsterdam Library 1','ALOI 1','Science','Amsterdam Library of Object Images'),(82,'admin',NULL,'Amsterdam Library 1','ALOI 1','Science','Amsterdam Library of Object Images');
/*!40000 ALTER TABLE `fullsearch` ENABLE KEYS */;
UNLOCK TABLES;

--
-- Table structure for table `licenses`
--

DROP TABLE IF EXISTS `licenses`;
/*!40101 SET @saved_cs_client     = @@character_set_client */;
/*!40101 SET character_set_client = utf8 */;
CREATE TABLE `licenses` (
  `id` int(11) NOT NULL AUTO_INCREMENT,
  `name` varchar(45) DEFAULT NULL,
  `description` varchar(45) DEFAULT NULL,
  PRIMARY KEY (`id`),
  UNIQUE KEY `name_UNIQUE` (`name`)
) ENGINE=InnoDB AUTO_INCREMENT=10 DEFAULT CHARSET=latin1 COMMENT='License information';
/*!40101 SET character_set_client = @saved_cs_client */;

--
-- Dumping data for table `licenses`
--

LOCK TABLES `licenses` WRITE;
/*!40000 ALTER TABLE `licenses` DISABLE KEYS */;
INSERT INTO `licenses` VALUES (1,'Rights Reserved','All Rights Reserved'),(2,'CC-BY','Creative Commons Attribution'),(3,'CC-BY-ND','Creative Commons Attribution No Derivatives'),(4,'CC-BY-SA','Creative Commons Attribution Share Alike'),(5,'CC-BY-NC','Creative Commons Attribution Non-Commercial'),(6,'CC-BY-NC-SA','Creative Commons Attribution Non-Commercial S'),(7,'CC-BY-NC-ND','Creative Commons Attribution Non-Commercial N'),(8,'PD','Public Domain'),(9,'GNU-FDL','GNU Free Documentation Licencse');
/*!40000 ALTER TABLE `licenses` ENABLE KEYS */;
UNLOCK TABLES;

--
-- Table structure for table `parts`
--

DROP TABLE IF EXISTS `parts`;
/*!40101 SET @saved_cs_client     = @@character_set_client */;
/*!40101 SET character_set_client = utf8 */;
CREATE TABLE `parts` (
  `source_id` int(11) NOT NULL,
  `derivative_id` int(11) NOT NULL,
  PRIMARY KEY (`source_id`,`derivative_id`),
  KEY `fk_source` (`source_id`),
  KEY `fk_derivative` (`derivative_id`),
  CONSTRAINT `fk_source` FOREIGN KEY (`source_id`) REFERENCES `assets` (`id`) ON DELETE NO ACTION ON UPDATE NO ACTION,
  CONSTRAINT `fk_derivative` FOREIGN KEY (`derivative_id`) REFERENCES `assets` (`id`) ON DELETE NO ACTION ON UPDATE NO ACTION
) ENGINE=InnoDB DEFAULT CHARSET=latin1;
/*!40101 SET character_set_client = @saved_cs_client */;

--
-- Dumping data for table `parts`
--

LOCK TABLES `parts` WRITE;
/*!40000 ALTER TABLE `parts` DISABLE KEYS */;
/*!40000 ALTER TABLE `parts` ENABLE KEYS */;
UNLOCK TABLES;

--
-- Table structure for table `profiles`
--

DROP TABLE IF EXISTS `profiles`;
/*!40101 SET @saved_cs_client     = @@character_set_client */;
/*!40101 SET character_set_client = utf8 */;
CREATE TABLE `profiles` (
  `id` int(11) NOT NULL AUTO_INCREMENT,
  `name` varchar(45) NOT NULL,
  `description` varchar(256) DEFAULT NULL,
  PRIMARY KEY (`id`)
) ENGINE=InnoDB AUTO_INCREMENT=17 DEFAULT CHARSET=latin1;
/*!40101 SET character_set_client = @saved_cs_client */;

--
-- Dumping data for table `profiles`
--

LOCK TABLES `profiles` WRITE;
/*!40000 ALTER TABLE `profiles` DISABLE KEYS */;
INSERT INTO `profiles` VALUES (1,'admin','Responsable DAM'),(2,'director','Director de programa'),(3,'productor','Productor'),(4,'realizador','Realizador'),(5,'editor','Editor'),(6,'regidor','Regidor'),(7,'guionista','Guionista'),(8,'redactor','Redactor'),(9,'documentalista','Documentalista'),(10,'script','Script'),(11,'disenador','Disenador grafico'),(12,'reportero','Reportero grafico'),(13,'efectos','Tecnico de efectos de sala'),(14,'montador','Tecnico en equipos audiovisuales'),(15,'actor','Actor'),(16,'presentador','Presentador');
/*!40000 ALTER TABLE `profiles` ENABLE KEYS */;
UNLOCK TABLES;

--
-- Table structure for table `profiles_has_roles`
--

DROP TABLE IF EXISTS `profiles_has_roles`;
/*!40101 SET @saved_cs_client     = @@character_set_client */;
/*!40101 SET character_set_client = utf8 */;
CREATE TABLE `profiles_has_roles` (
  `profiles_id` int(11) NOT NULL,
  `roles_id` int(11) NOT NULL,
  PRIMARY KEY (`profiles_id`,`roles_id`),
  KEY `fk_profiles_has_roles_profiles1` (`profiles_id`),
  CONSTRAINT `fk_profiles_has_roles_profiles1` FOREIGN KEY (`profiles_id`) REFERENCES `profiles` (`id`) ON DELETE NO ACTION ON UPDATE NO ACTION
) ENGINE=InnoDB DEFAULT CHARSET=latin1;
/*!40101 SET character_set_client = @saved_cs_client */;

--
-- Dumping data for table `profiles_has_roles`
--

LOCK TABLES `profiles_has_roles` WRITE;
/*!40000 ALTER TABLE `profiles_has_roles` DISABLE KEYS */;
INSERT INTO `profiles_has_roles` VALUES (1,1),(1,2),(1,3),(1,4),(1,5),(2,2),(2,3),(2,4),(2,5),(3,3),(3,4),(3,5),(4,4),(4,5),(5,2),(5,3),(5,5),(6,5),(7,2),(7,3),(7,4),(7,5),(8,2),(8,3),(8,5),(9,2),(9,3),(9,5),(10,2),(10,3),(10,5),(11,2),(11,3),(11,5),(12,2),(12,3),(12,5),(13,2),(13,3),(13,5),(14,2),(14,3),(14,5),(15,5),(16,5);
/*!40000 ALTER TABLE `profiles_has_roles` ENABLE KEYS */;
UNLOCK TABLES;

--
-- Table structure for table `replacements`
--

DROP TABLE IF EXISTS `replacements`;
/*!40101 SET @saved_cs_client     = @@character_set_client */;
/*!40101 SET character_set_client = utf8 */;
CREATE TABLE `replacements` (
  `replacer_id` int(11) NOT NULL,
  `replacee_id` int(11) NOT NULL,
  PRIMARY KEY (`replacer_id`,`replacee_id`),
  KEY `fk_replacements_assets1` (`replacer_id`),
  KEY `fk_replacements_assets2` (`replacee_id`),
  CONSTRAINT `fk_replacements_assets1` FOREIGN KEY (`replacer_id`) REFERENCES `assets` (`id`) ON DELETE NO ACTION ON UPDATE NO ACTION,
  CONSTRAINT `fk_replacements_assets2` FOREIGN KEY (`replacee_id`) REFERENCES `assets` (`id`) ON DELETE NO ACTION ON UPDATE NO ACTION
) ENGINE=InnoDB DEFAULT CHARSET=latin1;
/*!40101 SET character_set_client = @saved_cs_client */;

--
-- Dumping data for table `replacements`
--

LOCK TABLES `replacements` WRITE;
/*!40000 ALTER TABLE `replacements` DISABLE KEYS */;
/*!40000 ALTER TABLE `replacements` ENABLE KEYS */;
UNLOCK TABLES;

--
-- Table structure for table `sessions`
--

DROP TABLE IF EXISTS `sessions`;
/*!40101 SET @saved_cs_client     = @@character_set_client */;
/*!40101 SET character_set_client = utf8 */;
CREATE TABLE `sessions` (
  `user` varchar(32) NOT NULL,
  `validation` varchar(128) DEFAULT NULL,
  `expiration` datetime DEFAULT NULL,
  PRIMARY KEY (`user`)
) ENGINE=MEMORY DEFAULT CHARSET=latin1 COMMENT='Web Sessions';
/*!40101 SET character_set_client = @saved_cs_client */;

--
-- Dumping data for table `sessions`
--

LOCK TABLES `sessions` WRITE;
/*!40000 ALTER TABLE `sessions` DISABLE KEYS */;
/*!40000 ALTER TABLE `sessions` ENABLE KEYS */;
UNLOCK TABLES;

--
-- Table structure for table `transcode_targets`
--

DROP TABLE IF EXISTS `transcode_targets`;
/*!40101 SET @saved_cs_client     = @@character_set_client */;
/*!40101 SET character_set_client = utf8 */;
CREATE TABLE `transcode_targets` (
  `source_id` int(11) NOT NULL,
  `target_id` int(11) NOT NULL,
  PRIMARY KEY (`source_id`,`target_id`),
  KEY `fk_transcode_targets_formats1` (`source_id`),
  KEY `fk_transcode_targets_formats2` (`target_id`),
  CONSTRAINT `fk_transcode_targets_formats1` FOREIGN KEY (`source_id`) REFERENCES `formats` (`id`) ON DELETE NO ACTION ON UPDATE NO ACTION,
  CONSTRAINT `fk_transcode_targets_formats2` FOREIGN KEY (`target_id`) REFERENCES `formats` (`id`) ON DELETE NO ACTION ON UPDATE NO ACTION
) ENGINE=InnoDB DEFAULT CHARSET=latin1;
/*!40101 SET character_set_client = @saved_cs_client */;

--
-- Dumping data for table `transcode_targets`
--

LOCK TABLES `transcode_targets` WRITE;
/*!40000 ALTER TABLE `transcode_targets` DISABLE KEYS */;
INSERT INTO `transcode_targets` VALUES (1,2),(1,3),(1,6),(2,1),(2,3),(2,6),(3,1),(3,2),(3,6),(4,5),(4,9),(5,4),(5,9),(6,1),(6,2),(6,3),(7,1),(7,2),(7,6),(8,7),(9,4),(9,5),(10,1),(10,2),(10,3),(10,6);
/*!40000 ALTER TABLE `transcode_targets` ENABLE KEYS */;
UNLOCK TABLES;

--
-- Table structure for table `users`
--

DROP TABLE IF EXISTS `users`;
/*!40101 SET @saved_cs_client     = @@character_set_client */;
/*!40101 SET character_set_client = utf8 */;
CREATE TABLE `users` (
  `id` int(11) NOT NULL AUTO_INCREMENT,
  `username` varchar(45) NOT NULL,
  `password` varchar(45) NOT NULL,
  `forename` varchar(45) DEFAULT NULL,
  `surname1` varchar(45) DEFAULT NULL,
  `surname2` varchar(45) DEFAULT NULL,
  `email` varchar(128) DEFAULT NULL,
  `creation_stamp` timestamp NOT NULL DEFAULT CURRENT_TIMESTAMP,
  `profile_id` int(11) NOT NULL,
  PRIMARY KEY (`id`),
  UNIQUE KEY `username_UNIQUE` (`username`),
  UNIQUE KEY `id_UNIQUE` (`id`),
  KEY `fk_users_profiles` (`profile_id`),
  CONSTRAINT `fk_users_profiles` FOREIGN KEY (`profile_id`) REFERENCES `profiles` (`id`) ON DELETE CASCADE ON UPDATE CASCADE
) ENGINE=InnoDB AUTO_INCREMENT=6 DEFAULT CHARSET=latin1 COMMENT='User information';
/*!40101 SET character_set_client = @saved_cs_client */;

--
-- Dumping data for table `users`
--

LOCK TABLES `users` WRITE;
/*!40000 ALTER TABLE `users` DISABLE KEYS */;
INSERT INTO `users` VALUES (1,'admin','password','forename','surname1','surname2','admin@localhost','2010-05-26 13:55:59',1),(2,'consumer','password','forename','surname1','surname2','consumer@localhost','2010-05-26 13:55:59',15),(3,'creator','password','forename','surname1','surname2','creator@localhost','2010-05-26 13:55:59',8),(4,'editor','password','forename','surname1','surname2','editor@localhost','2010-05-26 13:55:59',5),(5,'publisher','password','forename','surname1','surname2','publisher@localhost','2010-05-26 13:55:59',3);
/*!40000 ALTER TABLE `users` ENABLE KEYS */;
UNLOCK TABLES;

--
-- Temporary table structure for view `view_asset_formats`
--

DROP TABLE IF EXISTS `view_asset_formats`;
/*!50001 DROP VIEW IF EXISTS `view_asset_formats`*/;
SET @saved_cs_client     = @@character_set_client;
SET character_set_client = utf8;
/*!50001 CREATE TABLE `view_asset_formats` (
  `id` int(11),
  `source_id` int(11),
  `formats_id` int(11),
  `format` varchar(45)
) ENGINE=MyISAM */;
SET character_set_client = @saved_cs_client;

--
-- Temporary table structure for view `view_asset_lookup`
--

DROP TABLE IF EXISTS `view_asset_lookup`;
/*!50001 DROP VIEW IF EXISTS `view_asset_lookup`*/;
SET @saved_cs_client     = @@character_set_client;
SET character_set_client = utf8;
/*!50001 CREATE TABLE `view_asset_lookup` (
  `id` int(11),
  `title` varchar(256),
  `subject` varchar(45),
  `published_flag` tinyint(1),
  `edited_flag` tinyint(1),
  `publisher_id` int(11),
  `publisher_name` varchar(45),
  `creator_id` int(11),
  `creator_name` varchar(45),
  `version` int(11),
  `language` varchar(45),
  `views` int(11),
  `collections_id` int(11),
  `collection_name` varchar(256),
  `date_modified` timestamp,
  `date_created` timestamp,
  `date_available` timestamp,
  `asset_types_id` int(11),
  `type` varchar(45),
  `licenses_id` int(11),
  `description` varchar(8192),
  `extent` time,
  `filename` varchar(256),
  `queue_flag` bigint(20),
  `size` int(11),
  `bitrate` int(11),
  `width` smallint(6),
  `height` smallint(6),
  `formats_id` int(11),
  `format` varchar(45)
) ENGINE=MyISAM */;
SET character_set_client = @saved_cs_client;

--
-- Temporary table structure for view `view_asset_versions`
--

DROP TABLE IF EXISTS `view_asset_versions`;
/*!50001 DROP VIEW IF EXISTS `view_asset_versions`*/;
SET @saved_cs_client     = @@character_set_client;
SET character_set_client = utf8;
/*!50001 CREATE TABLE `view_asset_versions` (
  `source_id` int(11),
  `derivative_id` int(11),
  `version` int(11)
) ENGINE=MyISAM */;
SET character_set_client = @saved_cs_client;

--
-- Final view structure for view `view_asset_formats`
--

/*!50001 DROP TABLE IF EXISTS `view_asset_formats`*/;
/*!50001 DROP VIEW IF EXISTS `view_asset_formats`*/;
/*!50001 SET @saved_cs_client          = @@character_set_client */;
/*!50001 SET @saved_cs_results         = @@character_set_results */;
/*!50001 SET @saved_col_connection     = @@collation_connection */;
/*!50001 SET character_set_client      = utf8 */;
/*!50001 SET character_set_results     = utf8 */;
/*!50001 SET collation_connection      = utf8_general_ci */;
/*!50001 CREATE ALGORITHM=UNDEFINED */
/*!50013 DEFINER=`root`@`localhost` SQL SECURITY DEFINER */
/*!50001 VIEW `view_asset_formats` AS select `assets`.`id` AS `id`,`asset_formats`.`source_id` AS `source_id`,`files`.`formats_id` AS `formats_id`,`formats`.`format` AS `format` from (((`assets` left join `files` on((`assets`.`id` = `files`.`id`))) left join `asset_formats` on((`assets`.`id` = `asset_formats`.`target_id`))) join `formats` on((`formats`.`id` = `files`.`formats_id`))) */;
/*!50001 SET character_set_client      = @saved_cs_client */;
/*!50001 SET character_set_results     = @saved_cs_results */;
/*!50001 SET collation_connection      = @saved_col_connection */;

--
-- Final view structure for view `view_asset_lookup`
--

/*!50001 DROP TABLE IF EXISTS `view_asset_lookup`*/;
/*!50001 DROP VIEW IF EXISTS `view_asset_lookup`*/;
/*!50001 SET @saved_cs_client          = @@character_set_client */;
/*!50001 SET @saved_cs_results         = @@character_set_results */;
/*!50001 SET @saved_col_connection     = @@collation_connection */;
/*!50001 SET character_set_client      = utf8 */;
/*!50001 SET character_set_results     = utf8 */;
/*!50001 SET collation_connection      = utf8_general_ci */;
/*!50001 CREATE ALGORITHM=UNDEFINED */
/*!50013 DEFINER=`root`@`localhost` SQL SECURITY DEFINER */
/*!50001 VIEW `view_asset_lookup` AS select `assets`.`id` AS `id`,`assets`.`title` AS `title`,`assets`.`subject` AS `subject`,`assets`.`published_flag` AS `published_flag`,`assets`.`edited_flag` AS `edited_flag`,`assets`.`publisher_id` AS `publisher_id`,`users`.`username` AS `publisher_name`,`assets`.`creator_id` AS `creator_id`,`users2`.`username` AS `creator_name`,`assets`.`version` AS `version`,`assets`.`language` AS `language`,`assets`.`views` AS `views`,`assets`.`collections_id` AS `collections_id`,`collections`.`name` AS `collection_name`,`assets`.`date_modified` AS `date_modified`,`assets`.`date_created` AS `date_created`,`assets`.`date_available` AS `date_available`,`assets`.`asset_types_id` AS `asset_types_id`,`asset_types`.`type` AS `type`,`assets`.`licenses_id` AS `licenses_id`,`assets`.`description` AS `description`,`files`.`extent` AS `extent`,`files`.`filename` AS `filename`,`files`.`queue_flag` AS `queue_flag`,`files`.`size` AS `size`,`files`.`bitrate` AS `bitrate`,`files`.`width` AS `width`,`files`.`height` AS `height`,`files`.`formats_id` AS `formats_id`,`formats`.`format` AS `format` from ((((((`assets` join `asset_types` on((`assets`.`asset_types_id` = `asset_types`.`id`))) left join `collections` on((`assets`.`collections_id` = `collections`.`id`))) left join `users` on((`users`.`id` = `assets`.`publisher_id`))) left join `users` `users2` on((`users2`.`id` = `assets`.`creator_id`))) left join `files` on((`assets`.`id` = `files`.`id`))) left join `formats` on((`files`.`formats_id` = `formats`.`id`))) */;
/*!50001 SET character_set_client      = @saved_cs_client */;
/*!50001 SET character_set_results     = @saved_cs_results */;
/*!50001 SET collation_connection      = @saved_col_connection */;

--
-- Final view structure for view `view_asset_versions`
--

/*!50001 DROP TABLE IF EXISTS `view_asset_versions`*/;
/*!50001 DROP VIEW IF EXISTS `view_asset_versions`*/;
/*!50001 SET @saved_cs_client          = @@character_set_client */;
/*!50001 SET @saved_cs_results         = @@character_set_results */;
/*!50001 SET @saved_col_connection     = @@collation_connection */;
/*!50001 SET character_set_client      = utf8 */;
/*!50001 SET character_set_results     = utf8 */;
/*!50001 SET collation_connection      = utf8_general_ci */;
/*!50001 CREATE ALGORITHM=UNDEFINED */
/*!50013 DEFINER=`root`@`localhost` SQL SECURITY DEFINER */
/*!50001 VIEW `view_asset_versions` AS select `asset_versions`.`source_id` AS `source_id`,`asset_versions`.`derivative_id` AS `derivative_id`,`assets`.`version` AS `version` from (`assets` join `asset_versions` on((`assets`.`id` = `asset_versions`.`derivative_id`))) */;
/*!50001 SET character_set_client      = @saved_cs_client */;
/*!50001 SET character_set_results     = @saved_cs_results */;
/*!50001 SET collation_connection      = @saved_col_connection */;
/*!40103 SET TIME_ZONE=@OLD_TIME_ZONE */;

/*!40101 SET SQL_MODE=@OLD_SQL_MODE */;
/*!40014 SET FOREIGN_KEY_CHECKS=@OLD_FOREIGN_KEY_CHECKS */;
/*!40014 SET UNIQUE_CHECKS=@OLD_UNIQUE_CHECKS */;
/*!40101 SET CHARACTER_SET_CLIENT=@OLD_CHARACTER_SET_CLIENT */;
/*!40101 SET CHARACTER_SET_RESULTS=@OLD_CHARACTER_SET_RESULTS */;
/*!40101 SET COLLATION_CONNECTION=@OLD_COLLATION_CONNECTION */;
/*!40111 SET SQL_NOTES=@OLD_SQL_NOTES */;

-- Dump completed on 2010-05-26 15:57:34
